erasers	Erasers	2	https://bevgyjm5apuichhj.public.blob.vercel-storage.com/categories/erasers-VTz6b5E0ZNe2V5Gs4JjvvRGMvsWmhm
inking-pens	Inking Pens	6	https://bevgyjm5apuichhj.public.blob.vercel-storage.com/categories/inking-pens-HfWBdaqugXDFP9YtT4xdZV6xyhHPCn
charcoal	Charcoal	2	https://bevgyjm5apuichhj.public.blob.vercel-storage.com/categories/charcoal-ERSDh71MNc3TVmOthFRSSIfUjjlOWy
pastels	Pastels	2	https://bevgyjm5apuichhj.public.blob.vercel-storage.com/categories/pastels-uAQE3LHSifZmF233ihS6RLfmSiFbdh
crayons	Crayons	2	https://bevgyjm5apuichhj.public.blob.vercel-storage.com/categories/crayons-UtPMcq0HTIXZGkhxDtHdXRZdxqNlk2
graphite-pencils	Graphite Pencils	2	https://bevgyjm5apuichhj.public.blob.vercel-storage.com/categories/graphite-pencils-NuYhnNwOQhgIZ288n4FefN4T2Oj8gZ
sketchbooks	Sketchbooks	2	https://bevgyjm5apuichhj.public.blob.vercel-storage.com/categories/sketchbooks-VJfVeMh0bY1ya6lFXQ5nTiY8gmnqRf
drawing-paper	Drawing Paper	2	https://bevgyjm5apuichhj.public.blob.vercel-storage.com/categories/drawing-paper-TIZtJqfrBO7ghRfu1KZxLgyKDHOc1j
ink	Ink	3	https://bevgyjm5apuichhj.public.blob.vercel-storage.com/categories/ink-HQ98OuZpuZrdXmuG0FcAKKXHFCZsKF
conte-crayons	Conte Crayons	2	https://bevgyjm5apuichhj.public.blob.vercel-storage.com/categories/conte-crayons-DKnK1SXHHtMZShTj9QFZ7ndbAFbDrj
drawing-boards	Drawing Boards	2	https://bevgyjm5apuichhj.public.blob.vercel-storage.com/categories/drawing-boards-IlDs2NKgNSN5MKCvFPiOklJoYzTLp4
blending-tools	Blending Tools	2	https://bevgyjm5apuichhj.public.blob.vercel-storage.com/categories/blending-tools-PhttC8l0OXOlbRHCa5ulGPFVNqy8Aq
sanguine	Sanguine	2	https://bevgyjm5apuichhj.public.blob.vercel-storage.com/categories/sanguine-YXOS5z0PkLsW0mz9MfDv107DsIdhuF
fixative-sprays	Fixative Sprays	4	https://bevgyjm5apuichhj.public.blob.vercel-storage.com/categories/fixative-sprays-owxmTGveP8FJ9c5jHBxEIOXqpsYcZF
calligraphy-supplies	Calligraphy Supplies	2	https://bevgyjm5apuichhj.public.blob.vercel-storage.com/categories/calligraphy-supplies-F5oZTH4qY2OQSTwQu1yAUYx7bepUBd
pastel-pencils	Pastel Pencils	2	https://bevgyjm5apuichhj.public.blob.vercel-storage.com/categories/pastel-pencils-hZYQUF73eIJsnh5f79p7ZkiAr4Uiet
gel-pens	Gel Pens	4	https://bevgyjm5apuichhj.public.blob.vercel-storage.com/categories/gel-pens-9PWj8RuFzeypVZVc05KIK9qghGxMWl
drawing-light-boxes	Drawing Light Boxes	2	https://bevgyjm5apuichhj.public.blob.vercel-storage.com/categories/drawing-light-boxes-9995M5jP8ClR1FPeeHesCxQJv4Ul0a
charcoal-paper	Charcoal Paper	5	https://bevgyjm5apuichhj.public.blob.vercel-storage.com/categories/charcoal-paper-rUIy2gnwWB3tymvvlT3TZeZDAno0WT
coloring-books	Coloring Books	6	https://bevgyjm5apuichhj.public.blob.vercel-storage.com/categories/coloring-books-UUIWOQqVKQjPuuCsfe8C2jdmyAb6Gr
drawing-accessories	Drawing Accessories	7	https://bevgyjm5apuichhj.public.blob.vercel-storage.com/categories/drawing-accessories-70Zp9juJyTdom0w1eIRwLZtawSXJzn
canvas-boards	Canvas Boards	20	https://bevgyjm5apuichhj.public.blob.vercel-storage.com/products/2b-pencil-1-jnUfJmuNCAPWnQ9mXJxjHr56OIyfIu
camera-tripods	Camera Tripods	13	https://bevgyjm5apuichhj.public.blob.vercel-storage.com/subcategories/Carrying-Cases-cuGZlTJRaJqkj4uXCOjtTypya1hQzn
rulers	Rulers	8	https://bevgyjm5apuichhj.public.blob.vercel-storage.com/products/specialty-set-5-cr3MPAEzmwr4vyr3qaCYoUbb838Nno
knitting-and-crochet	Knitting and Crochet	5	https://bevgyjm5apuichhj.public.blob.vercel-storage.com/products/Pastel-Gel-Pen-Set-60-Colors-9Lf6N72ZAa65aXTY5VkN4NaaaC3T6h
mixing-trays	Mixing Trays	3	https://bevgyjm5apuichhj.public.blob.vercel-storage.com/products/Travel-Art-Easel-Case-48DFFZgQ5QHrkNMAZ6NdF1G9bG9l2s
embellishments	Embellishments	20	https://bevgyjm5apuichhj.public.blob.vercel-storage.com/products/Abstract-Expressionism-Inspiration-Deck-SMLBqiyNPAzHVoBccbET7ZRGjgsqZ1
ink-pens	Ink Pens	2	https://bevgyjm5apuichhj.public.blob.vercel-storage.com/products/oil-pastel-set-10-RY6xYHntHizQn4w6flA0dCqnUuXpia
sculptural-glass-art	Sculptural Glass Art	18	https://bevgyjm5apuichhj.public.blob.vercel-storage.com/subcategories/Fluorescent-crayons-m04J8aOnfw2LPQOXngwxDGNvveMIw1
painting-accessories	Painting Accessories	3	https://bevgyjm5apuichhj.public.blob.vercel-storage.com/products/Caran-d'Ache-Museum-Aquarelle-Pearlescent-Pencils-FPdg5Uej77TM7Z7sKEqiZF8Nypz5hR
remote-shutter-releases	Remote Shutter Releases	13	https://bevgyjm5apuichhj.public.blob.vercel-storage.com/products/earth-tone-pan-pastel-8-rpMxg7aVuNynETmIAdJlvqcCxAqgLH
sealers	Sealers	20	https://bevgyjm5apuichhj.public.blob.vercel-storage.com/products/Vinyl-Erasers-SrN1ax2uAv8yTyYItfsd75vy8n2H2T
ink-sets	Ink Sets	4	https://bevgyjm5apuichhj.public.blob.vercel-storage.com/products/Cuisinart-SmartPower-Duet-BlenderFood-Processor-ob4j0N3btNAgajkeyT7v7QjcieSisx
molds	Molds	16	https://bevgyjm5apuichhj.public.blob.vercel-storage.com/products/Tortillions-and-Blending-Stumps-Set-0G6zsBWcGHpEUYP5hr784som4NOyov
display-racks	Display Racks	12	https://bevgyjm5apuichhj.public.blob.vercel-storage.com/products/Dual-Ended-Ink-Eraser-u6MHkDAnXBi4r0NC4GtszpZVJed82I
wire-sculpture	Wire Sculpture	7	https://bevgyjm5apuichhj.public.blob.vercel-storage.com/products/hard-pencil-5-de3EgeiEQrL77HcwIiVQWQbGyHdWNZ
35mm-film	35mm Film	13	https://bevgyjm5apuichhj.public.blob.vercel-storage.com/products/Sterile-Cotton-Swabs-Medical-Grade-6NOdDXZAMU0ZwB01aM7nBHTEmu5bqi
painting-palettes	Painting Palettes	3	https://bevgyjm5apuichhj.public.blob.vercel-storage.com/products/soft-charcoal-5-jtrOZKguynbzpESJkqrky6GmoOInVV
lighting-equipment	Lighting Equipment	13	https://bevgyjm5apuichhj.public.blob.vercel-storage.com/products/Blending-Stumps-and-Tortillions-Set-i0ZGrD3e29WyktHSECtFiBh3UP321z
calligraphy-pads	Calligraphy Pads	10	https://bevgyjm5apuichhj.public.blob.vercel-storage.com/products/Turquoise-Pastel-Pencil-Fixative-Spray-hQbLcz8Ux6GnnCJA6cc6ETIqmEKv8W
sculpture-techniques	Sculpture Techniques	19	https://bevgyjm5apuichhj.public.blob.vercel-storage.com/products/Sennelier-Soft-Pastels-Half-Stick-Set-in-Vermilion-Sj5jGCFpOAxOmj5gzfML6anuWr5nqs
glass-casting-supplies	Glass Casting Supplies	18	https://bevgyjm5apuichhj.public.blob.vercel-storage.com/products/6b-pencil-5-qdDjyq5lTDUY0BztKmIdO6BH7YbKo8
palette-cups	Palette Cups	8	https://bevgyjm5apuichhj.public.blob.vercel-storage.com/products/Lyra-Rembrandt-Polycolor-Pearlescent-Metallic-Pencils-84lEsEQMN23UJkNXWECjqNxbyHPLIs
foam-crafts	Foam Crafts	5	https://bevgyjm5apuichhj.public.blob.vercel-storage.com/products/Scented-Vinyl-Erasers-bOA4od2Ib2m7BZ6mlJaanEfagBidv9
glass-etching-supplies	Glass Etching Supplies	18	https://bevgyjm5apuichhj.public.blob.vercel-storage.com/products/Koh-I-Noor-Gioconda-Pastel-Pencils-Saffron-Yellow-2c9TOklvGzkJxXo1b50gFo07jxUa5X
film-scanners	Film Scanners	13	https://bevgyjm5apuichhj.public.blob.vercel-storage.com/products/Stabilo-CarbOthello-Chalk-Pastel-Pencils-GDryw4NTIq0dYyMJFKplf2fNoKJEU9
found-objects	Found Objects	20	https://bevgyjm5apuichhj.public.blob.vercel-storage.com/products/Oster-Blender-ewQHE50lysXoGR6y65TZXeDrD7zAox
markers	Markers	20	https://bevgyjm5apuichhj.public.blob.vercel-storage.com/products/Weber-Odorless-Turpenoid-3dGswvqlA63AtwEVA0AzPg8pKysza2
screen-mesh	Screen Mesh	6	https://bevgyjm5apuichhj.public.blob.vercel-storage.com/products/Staedtler-Triplus-Fineliner-Pens-RD67wVPzBRALsIFX1YO94JUfD2SMyv
marker-pens	Marker Pens	4	https://bevgyjm5apuichhj.public.blob.vercel-storage.com/products/Metal-Burnisher-Set-CnGFID1JSyeh59tEf1qQ7HDWAAAxRX
colored-pencils	Colored Pencils	2	https://bevgyjm5apuichhj.public.blob.vercel-storage.com/products/Minimalist-Desk-Organizer-Set-bH6YitzHkWWH9VYjEvHHoFguht2FD0
inks	Inks	20	https://bevgyjm5apuichhj.public.blob.vercel-storage.com/products/Metallic-Permanent-Marker-Fine-Tip-4T1d4Aq3Uk1KnyVBlWyleEjlV19vvn
charms	Charms	15	https://bevgyjm5apuichhj.public.blob.vercel-storage.com/products/Metallic-Pastel-Pencil-Eraser-e2zQbQlO2CAkjMpebZnQhootjkKLkd
glass-molds-and-forms	Glass Molds and Forms	18	https://bevgyjm5apuichhj.public.blob.vercel-storage.com/products/oil-pastel-44-IIA5S54qPJAevCvTHYqaTBK4au5TYc
tripods	Tripods	13	https://bevgyjm5apuichhj.public.blob.vercel-storage.com/products/Neon-Crayon-Storage-Case-OtNlsrkiCOFObX8WIEMaLa6BhfdtqO
pottery-tools	Pottery Tools	16	https://bevgyjm5apuichhj.public.blob.vercel-storage.com/products/soft-pan-pastel-3-iVF61X0HeIxPC9LoLxRiNEn9jbJQQs
clasps	Clasps	15	https://bevgyjm5apuichhj.public.blob.vercel-storage.com/products/water-soluble-07-otiPF7lEx4oV23OeZ5LO9l4G6Zbtay
ink-cartridges	Ink Cartridges	4	https://bevgyjm5apuichhj.public.blob.vercel-storage.com/products/Neon-Oil-Pastels-Instruction-Booklet-mTm0UNgvb2XGGJ97KMTOsqB3vb9zwA
artistic-keyboards	Artistic Keyboards	11	https://bevgyjm5apuichhj.public.blob.vercel-storage.com/products/sketching-set-8-HCeJ79MfUwjedLalTBqT6EIjsxGF9B
stamp-blocks	Stamp Blocks	6	https://bevgyjm5apuichhj.public.blob.vercel-storage.com/products/Rustic-Wrought-Iron-Easel-Ac4215HhZ9QNSjpQNo6EBtiLtnnr7s
woodworking-accessories	Woodworking Accessories	17	https://bevgyjm5apuichhj.public.blob.vercel-storage.com/products/hard-pencil-9-kmLrBCgK5wTmiWvRRX6j1o7lVPsF5z
pom-poms	Pom-Poms	14	https://bevgyjm5apuichhj.public.blob.vercel-storage.com/products/Mixed-Media-Sketchbook-with-Black-Paper-Ig0dq6nWaSqIjxrrjl8VMRq1Vjw4de
wheel-throwing-tools	Wheel Throwing Tools	16	https://bevgyjm5apuichhj.public.blob.vercel-storage.com/products/muted-pencil-9-e6sG40hGDOdEuHKkkdK8kV00miUbQW
glass-mosaic-grout	Glass Mosaic Grout	18	https://bevgyjm5apuichhj.public.blob.vercel-storage.com/subcategories/4b-pencils-Zj5TNIxJ4kLxP5IzRd7wD2nnefhsD7
gel-printing-plates	Gel Printing Plates	6	https://bevgyjm5apuichhj.public.blob.vercel-storage.com/products/Pink-Pencil-Cap-Erasers-8sVzYySsIAXdzYrEdjOLUEjrJZDS1U
braiding	Braiding	14	https://bevgyjm5apuichhj.public.blob.vercel-storage.com/products/Conte-a-Paris-Kneaded-Eraser-CUpNsDLdlpIvYu1lYKkOjiG5lJalk0
charcoal-pencils	Charcoal Pencils	2	https://bevgyjm5apuichhj.public.blob.vercel-storage.com/products/Shinhan-Touch-Twin-Markers-6Yqw0lRAtaX5apZsULjfHl3WnttH7h
sculpting-tools	Sculpting Tools	16	https://bevgyjm5apuichhj.public.blob.vercel-storage.com/products/Wirebound-Grid-Notebook-B5-Size-120-Sheets-WiMldXU76VWn0atfpcbm0kF1g6yopj
artists'-paint-sticks	Artists' Paint Sticks	3	https://bevgyjm5apuichhj.public.blob.vercel-storage.com/products/Non-Toxic-Matte-Fixative-Spray-PNipUVcIQSPNbp2LDXRSPFVxVjEkDO
armatures	Armatures	7	https://bevgyjm5apuichhj.public.blob.vercel-storage.com/products/Tombow-Dual-Brush-Pen-Colorless-Blender-PGYSwqSEu7c9VgyNZoBdAXB3z0NcrI
watercolor-pencils	Watercolor Pencils	2	https://bevgyjm5apuichhj.public.blob.vercel-storage.com/subcategories/Display-Tablets-pR8JNyHrol4YwKjjrFAVDReSmGVM9R
sculpting-stands	Sculpting Stands	7	https://bevgyjm5apuichhj.public.blob.vercel-storage.com/products/Realism-Landscape-Painting-Workshop-dqQSsn8SX2d1EPlJHg4JFOlhlzjoSP
modeling-putty	Modeling Putty	7	https://bevgyjm5apuichhj.public.blob.vercel-storage.com/products/Holbein-Artist-Oil-Pastel-Pencils-eOc02VNVYU2tUYm2Ke9Me3goUrJxGh
cabinet-displays	Cabinet Displays	12	https://bevgyjm5apuichhj.public.blob.vercel-storage.com/products/Travel-Size-Landscape-Sketchbook-bxLGlCi7uCu4mmy5qa46sVhG08Q0eA
tools-and-accessories	Tools and Accessories	5	https://bevgyjm5apuichhj.public.blob.vercel-storage.com/subcategories/Smooth-Charcoal-Paper-aygB97GP2nvyw9mmA2uudna0ze18qj
crocheting	Crocheting	14	https://bevgyjm5apuichhj.public.blob.vercel-storage.com/subcategories/Grid-Cases-FHsHugcJ5GlLwmaVPjqAeZgR120AZW
stamping-blocks	Stamping Blocks	6	https://bevgyjm5apuichhj.public.blob.vercel-storage.com/products/Plastic-Eraser-cCLjQIO6Jjua45szDoo9syCVUFdRIa
cross-stitch	Cross Stitch	14	https://bevgyjm5apuichhj.public.blob.vercel-storage.com/products/Sakura-Gelly-Roll-Stardust-Gel-Pens-CxwrJxmWdThsObHZXnbXSWNw6APfN6
brushes-and-sponges	Brushes and Sponges	5	https://bevgyjm5apuichhj.public.blob.vercel-storage.com/products/Eco-Friendly-Green-Pastel-Pencils-D3RmDrjZX6MpgLrWxp4H5FtfJs70LQ
acrylic-paper	Acrylic Paper	10	https://bevgyjm5apuichhj.public.blob.vercel-storage.com/products/soft-pencil-5-jWDS8Gji7O4QRJH81K1wVymmFIpCdE
stylus-pens	Stylus Pens	11	https://bevgyjm5apuichhj.public.blob.vercel-storage.com/products/Canson-Ingres-Charcoal-Paper-Sheets-gZgCGh6gnnF7WISLn529KMrbFckW04
dyes	Dyes	14	https://bevgyjm5apuichhj.public.blob.vercel-storage.com/products/neon-pencil-6-v57OM7uVAAnMtiy8BuoJQHpmXOdGTm
art-history-books	Art History Books	19	https://bevgyjm5apuichhj.public.blob.vercel-storage.com/products/2b-pencil-9-vaUqcZSrPN9pO9vOAWp82LeRZjRK4h
drafting-tools	Drafting Tools	8	https://bevgyjm5apuichhj.public.blob.vercel-storage.com/products/medium-lead-10-6wR0E7wf3QQ5kYhmm5OhQxiZD6nYhp
scissors-and-cutting-tools	Scissors and Cutting Tools	5	https://bevgyjm5apuichhj.public.blob.vercel-storage.com/products/Sakura-Gelly-Roll-Stardust-Gel-Pens-CxwrJxmWdThsObHZXnbXSWNw6APfN6
storage-containers	Storage Containers	8	https://bevgyjm5apuichhj.public.blob.vercel-storage.com/products/Manual-Dual-Hole-Pencil-Sharpener-VBkDKBGCchhZOJVAKEUkojnkLbQ56N
wall-shelves	Wall Shelves	12	https://bevgyjm5apuichhj.public.blob.vercel-storage.com/subcategories/Professional-Grade-Fixative-Sprays-ao2W1bLG0IhZvpUj9KasE9ZFM0M4Qj
clay-and-sculpting-tools	Clay and Sculpting Tools	5	https://bevgyjm5apuichhj.public.blob.vercel-storage.com/products/Smiley-Face-Pencil-Cap-Erasers-pgn8IfJJxk46Yj8Q6p3vetFsLHsW6Z
painting-kits	Painting Kits	3	https://bevgyjm5apuichhj.public.blob.vercel-storage.com/products/muted-pencil-7-j3SVD0FQlUrFhEOCeQuBNmD5s0htDO
film-developing-chemicals	Film Developing Chemicals	13	https://bevgyjm5apuichhj.public.blob.vercel-storage.com/products/Privacy-Screen-Protector-for-MacBook-Pro-13-inch-Ag0P6m5kGtuyENg4wG4nkBlY9ruAg1
pencil-sharpeners	Pencil Sharpeners	8	https://bevgyjm5apuichhj.public.blob.vercel-storage.com/products/Travel-Jewelry-Roll-jOKRdQxoiYZR9zpz7qZ7PRrxPbKrFY
glass-stencils	Glass Stencils	18	https://bevgyjm5apuichhj.public.blob.vercel-storage.com/products/Higgins-Black-India-Ink-S72b0nfL9QiNpNEfSguOlVszyDwMEv
gallery-wraps	Gallery Wraps	12	https://bevgyjm5apuichhj.public.blob.vercel-storage.com/products/Staedtler-Karat-Aquarell-Blender-Pencils-Gj9JhfmBBDUJNoTfNQFQqtnBT3BCm1
glass-sculpting-tools	Glass Sculpting Tools	18	https://bevgyjm5apuichhj.public.blob.vercel-storage.com/products/Kneaded-Art-Gum-Eraser-kxTqJWvckzMzRvVQXvXdc5tDNIm3pw
fixatives	Fixatives	2	https://bevgyjm5apuichhj.public.blob.vercel-storage.com/products/Higgins-Black-India-Ink-S72b0nfL9QiNpNEfSguOlVszyDwMEv
glass-soldering-supplies	Glass Soldering Supplies	18	https://bevgyjm5apuichhj.public.blob.vercel-storage.com/subcategories/Travel-Easels-TkXUdt6XPFJn0KL6ChVhRCqaJP7R6g
marker-paper	Marker Paper	10	https://bevgyjm5apuichhj.public.blob.vercel-storage.com/products/pastel-pencils-set-k4DjC05m7Pa6LLvqFD5X7XyFc1LOPY
pastels-and-chalks	Pastels and Chalks	19	https://bevgyjm5apuichhj.public.blob.vercel-storage.com/products/Canvas-Pencil-Case-Gf1EtFm8yR8MQ8Pzyja42ztUcluZZY
chisels	Chisels	17	https://bevgyjm5apuichhj.public.blob.vercel-storage.com/products/hard-pencils-2-Np2FYFELgnjv8F7XyuWpoMkxGW9PJC
underglazes	Underglazes	16	https://bevgyjm5apuichhj.public.blob.vercel-storage.com/products/Display-Easel-Stand-KdlGIlUyKwrvqMGgObTMuSTA4WJFz9
illustration	Illustration	19	https://bevgyjm5apuichhj.public.blob.vercel-storage.com/products/Prismacolor-Colorless-Blender-Marker-qSJAFhwpfsuvaDOZdzhQIatb3AKjmM
diy-kits	DIY Kits	19	https://bevgyjm5apuichhj.public.blob.vercel-storage.com/subcategories/Pastel-Pencil-Sharpeners-69jPYrWDpobhfkJcVOxHOyUkzmk6RT
erasers-and-cleaners	Erasers and Cleaners	11	https://bevgyjm5apuichhj.public.blob.vercel-storage.com/products/specialty-charcoal-7-hPreNbpmQydc39wpeqHeKujtWTMnOI
artist-palettes	Artist Palettes	8	https://bevgyjm5apuichhj.public.blob.vercel-storage.com/subcategories/Dazzling-Turquoise-Pastel-Pencils-HEmDfFgkZLMLMCoQUwtKFY8T4gKm16
fountain-pens	Fountain Pens	4	https://bevgyjm5apuichhj.public.blob.vercel-storage.com/products/Alcohol-Ink-Resin-Kit-zNb5Nk5G7F3SFdpsfL4bI8POLYg58u
oil-paints	Oil Paints	3	https://bevgyjm5apuichhj.public.blob.vercel-storage.com/products/White-Charcoal-Drawing-Workshop-Cv1qzcSTLSm1V4hk1FsrHRNBZDQvpf
ink-rollers	Ink Rollers	6	https://bevgyjm5apuichhj.public.blob.vercel-storage.com/products/hard-charcoal-6-iaXtlRiwZnSeHXYBnbI7WoEmW8JGJA
ink-pots	Ink Pots	4	https://bevgyjm5apuichhj.public.blob.vercel-storage.com/products/Art-Alternatives-Sketch-Charcoal-Paper-IPihHjS1YHbRlR6OxlnH0lPtZhePqW
color-calibration-tools	Color Calibration Tools	11	https://bevgyjm5apuichhj.public.blob.vercel-storage.com/subcategories/Rough-Texture-Charcoal-Paper-0pzBbTrIOiBZcwnHsLdvefvRqCWDmB
decals-and-transfers	Decals and Transfers	16	https://bevgyjm5apuichhj.public.blob.vercel-storage.com/products/Heavy-Duty-Pastel-Pencil-Sharpener-UJLp1HgWCtaSeJnv345ysZcZbWWuOF
engraving-tools	Engraving Tools	6	https://bevgyjm5apuichhj.public.blob.vercel-storage.com/products/Jumbo-Pastel-Highlighters-PXWkgg9iJrM3BSuZtsPW6XHRyp0XUR
usb-cables	USB Cables	11	https://bevgyjm5apuichhj.public.blob.vercel-storage.com/products/soft-pan-pastel-8-jQNZfGt23q5esg4nhTt3unIVBCTpt2
raku-supplies	Raku Supplies	16	https://bevgyjm5apuichhj.public.blob.vercel-storage.com/products/medium-lead-10-6wR0E7wf3QQ5kYhmm5OhQxiZD6nYhp
memorabilia-cases	Memorabilia Cases	12	https://bevgyjm5apuichhj.public.blob.vercel-storage.com/products/artist-grade-10-LlrwjyPCBKoDSKMdLWEIQIuB9aLLDz
cutting-mats	Cutting Mats	8	https://bevgyjm5apuichhj.public.blob.vercel-storage.com/products/Flexible-Sanding-Twigs-OjzJtCLMxiJSSPJg79okiPMbN64t3P
painting-paper	Painting Paper	3	https://bevgyjm5apuichhj.public.blob.vercel-storage.com/subcategories/Skin-Tone-Pastel-Pencils-M7lRSB0XO9bdfCA3DeqmziG1sBnH9H
wire	Wire	15	https://bevgyjm5apuichhj.public.blob.vercel-storage.com/products/Airbrush-Cleaning-Kit-YV4pngyIH2Z5CC5nRzQTgX3uYHZNok
wireless-adapters	Wireless Adapters	11	https://bevgyjm5apuichhj.public.blob.vercel-storage.com/products/oil-pastel-set-6-orwBkEetzzg2dUFWJZtlpVAaVbrlx3
museum-displays	Museum Displays	12	https://bevgyjm5apuichhj.public.blob.vercel-storage.com/subcategories/Ink-Wash-E9FYWvFQsxgi8AVXcSwNRPriGr6M9f
art-conservation	Art Conservation	19	https://bevgyjm5apuichhj.public.blob.vercel-storage.com/products/soft-pencil-6-lL1q38NerpJoBxmsUb6zwbxpBiURtK
glues-and-adhesives	Glues and Adhesives	5	https://bevgyjm5apuichhj.public.blob.vercel-storage.com/subcategories/Toned-Charcoal-Paper-aqVgm8zjn2aPFwooi5H33U7MLoAw3G
ribbon	Ribbon	14	https://bevgyjm5apuichhj.public.blob.vercel-storage.com/products/Cubism-Art-Book-50eUK8eTdvCb0mtAKQS16oQdipXmyp
sewing-machines	Sewing Machines	14	https://bevgyjm5apuichhj.public.blob.vercel-storage.com/products/Neon-Oil-Pastels-Art-Set-(Includes-Pastels-Sketchbook-and-Storage-Case)-Ust11ATrUI1fcPx935b9Aik3MO2n9G
mod-podge	Mod Podge	20	https://bevgyjm5apuichhj.public.blob.vercel-storage.com/subcategories/Glitter-Gel-Pens-ngK66uDqfJd8usHs6lpJWLEeFb20QH
stickers	Stickers	5	https://bevgyjm5apuichhj.public.blob.vercel-storage.com/products/Prismacolor-Premier-Soft-Core-Colored-Pencils-M31RiqilDvKZu1OvsjjFpqyo4uiFZe
sculpting-plaster	Sculpting Plaster	7	https://bevgyjm5apuichhj.public.blob.vercel-storage.com/products/Hard-Shell-Case-for-DSLR-Cameras-m77mZlnUErvsCTMGMmyNDVz7mRw15H
needles	Needles	14	https://bevgyjm5apuichhj.public.blob.vercel-storage.com/products/Drafting-Eraser-Stick-4Lz44B9HG9dfnobi7HwGifsQGNvIsO
protective-gear	Protective Gear	17	https://bevgyjm5apuichhj.public.blob.vercel-storage.com/products/Non-Toxic-Matte-Fixative-Spray-PNipUVcIQSPNbp2LDXRSPFVxVjEkDO
ink-quills	Ink Quills	4	https://bevgyjm5apuichhj.public.blob.vercel-storage.com/products/Bronze-Metallic-Pencils-Charcoal-Blend-rhBdP7ad7kWCWtftR9FlzWkASZDBWM
woodworking-plans	Woodworking Plans	17	https://bevgyjm5apuichhj.public.blob.vercel-storage.com/categories/fixative-sprays-owxmTGveP8FJ9c5jHBxEIOXqpsYcZF
ceramic-sculpture	Ceramic Sculpture	7	https://bevgyjm5apuichhj.public.blob.vercel-storage.com/products/Large-Block-Art-Gum-Eraser-4NiHExghhyJR19zu22E85p5z1wlak2
stencil-kits	Stencil Kits	6	https://bevgyjm5apuichhj.public.blob.vercel-storage.com/products/Electric-Blue-Pastel-Pencil-Case-rYo8KxBQBGdvy9qeN80eq1HqMsIlGB
art-stands	Art Stands	12	https://bevgyjm5apuichhj.public.blob.vercel-storage.com/products/Neon-Crayon-Refill-Pack-fWaEy8pXD1tlIMApEkP5QHpzjkkGjY
printers-for-artwork	Printers for Artwork	11	https://bevgyjm5apuichhj.public.blob.vercel-storage.com/products/Koh-I-Noor-Gioconda-Pastel-Pencils-Saffron-Yellow-2c9TOklvGzkJxXo1b50gFo07jxUa5X
stamp-pads	Stamp Pads	6	https://bevgyjm5apuichhj.public.blob.vercel-storage.com/products/Leather-Watch-Case-1SkiFCHaOcMprfMoOiYvLGlyLuZhLg
chalks	Chalks	2	https://bevgyjm5apuichhj.public.blob.vercel-storage.com/categories/sketchbooks-VJfVeMh0bY1ya6lFXQ5nTiY8gmnqRf
glass-grinders	Glass Grinders	18	https://bevgyjm5apuichhj.public.blob.vercel-storage.com/products/Grumbacher-Final-Fixative-Gloss-Spray-m8S9b691kgMY3HxqMXM3oQn5T9q7pF
kiln-furniture	Kiln Furniture	16	https://bevgyjm5apuichhj.public.blob.vercel-storage.com/products/student-grade-7-9Lyga9D7GQmOreOJ3GAyjOTVDhmb3M
canvas-and-easels	Canvas and Easels	19	https://bevgyjm5apuichhj.public.blob.vercel-storage.com/products/Metallic-Pencil-Eraser-AOEqkYDfR6iVSRKdbmAZynwrnzYqh9
stained-glass	Stained Glass	18	https://bevgyjm5apuichhj.public.blob.vercel-storage.com/products/choice-set-1-RJEl5OyE0zMGjKSrKPQext8koFPY7e
wood-carving-tools	Wood Carving Tools	17	https://bevgyjm5apuichhj.public.blob.vercel-storage.com/products/specialty-pencil-10-mXSI9rSvkVECDGtnfcjRM8O9E6OQe4
darkroom-supplies	Darkroom Supplies	13	https://bevgyjm5apuichhj.public.blob.vercel-storage.com/products/Newsprint-Charcoal-Paper-Block-o6P6S4ffiPs0U9wh6PkQaXPwKSTQSp
decoupage-supplies	Decoupage Supplies	20	https://bevgyjm5apuichhj.public.blob.vercel-storage.com/products/choice-set-4-E9S9JDVnwotVrAZcFeAmHq4VoCIt1V
backdrops	Backdrops	13	https://bevgyjm5apuichhj.public.blob.vercel-storage.com/products/Natural-Chamois-Blending-Stump-RHXyo8XddszQ1FYPDFJpaEsnw7u2a0
tapestry	Tapestry	14	https://bevgyjm5apuichhj.public.blob.vercel-storage.com/products/Leather-Camera-Bag-xzReP2021Emt00BHon1My5gGU0qBPq
ink-stones	Ink Stones	4	https://bevgyjm5apuichhj.public.blob.vercel-storage.com/products/Grumbacher-Final-Fixative-Gloss-Spray-m8S9b691kgMY3HxqMXM3oQn5T9q7pF
lenses	Lenses	13	https://bevgyjm5apuichhj.public.blob.vercel-storage.com/products/MILDLINER-Glitter-Highlighter-Pens-zOC1bi73rckYd5Rs4ShcCfUdFLLRjK
tassels	Tassels	15	https://bevgyjm5apuichhj.public.blob.vercel-storage.com/products/Hexagon-Grid-Notebook-A6-Size-80-Sheets-YVNdypFdGzQpFG03SDiu445AxFh1OP
chains	Chains	15	https://bevgyjm5apuichhj.public.blob.vercel-storage.com/products/neon-pan-pastel-7-GTCRkhYGVuTxQSBg0gu8IvcQiHN3Pd
kilns	Kilns	16	https://bevgyjm5apuichhj.public.blob.vercel-storage.com/subcategories/standard-oil-pastels-TnxEwWHWQN9Qhs2Plhwhl5mGy5HZ5f
art-criticism	Art Criticism	19	https://bevgyjm5apuichhj.public.blob.vercel-storage.com/products/Metallic-Permanent-Marker-Fine-Tip-4T1d4Aq3Uk1KnyVBlWyleEjlV19vvn
ribbons-and-trims	Ribbons and Trims	5	https://bevgyjm5apuichhj.public.blob.vercel-storage.com/products/Fabric-Markers-for-T-Shirts-Pack-of-12-7qXMg9P2nFUg8fAbhwDg4GlDwsNcGu
mounting-boards	Mounting Boards	9	https://bevgyjm5apuichhj.public.blob.vercel-storage.com/categories/gel-pens-9PWj8RuFzeypVZVc05KIK9qghGxMWl
wood-burning-tools	Wood Burning Tools	17	https://bevgyjm5apuichhj.public.blob.vercel-storage.com/products/oil-pastel-set-7-cqmxKksZPaqeNxjUw0Rt73ikpkdRX1
leather-cord	Leather Cord	15	https://bevgyjm5apuichhj.public.blob.vercel-storage.com/products/Zero-VOC-Fixative-Spray-rmO1R5AJNYOQt2du5LV4zjzdGqYYMA
shadow-boxes	Shadow Boxes	12	https://bevgyjm5apuichhj.public.blob.vercel-storage.com/products/Metal-Tabletop-Easel-with-Storage-Drawer-OIdxf3hqWjhbw9BmevVIbkXaCV9evi
drawing-charcoal	Drawing Charcoal	2	https://bevgyjm5apuichhj.public.blob.vercel-storage.com/products/Holbein-Artist-Oil-Pastel-Pencils-eOc02VNVYU2tUYm2Ke9Me3goUrJxGh
stretched-canvases	Stretched Canvases	9	https://bevgyjm5apuichhj.public.blob.vercel-storage.com/products/4b-pencil-3-l5uoxgtDITvdB3BjhqTwxjHHDgxBkh
mosaics-for-beginners	Mosaics for Beginners	18	https://bevgyjm5apuichhj.public.blob.vercel-storage.com/products/Glitter-Pastel-Gel-Pen-Set-12-Colors-M1Y62BUBIge1mm8BEBJfghDQnhcvrs
toned-paper	Toned Paper	9	https://bevgyjm5apuichhj.public.blob.vercel-storage.com/products/hard-pastel-set-9-zV59V792hGglxO8BJo51VfNCOWthOs
loom-knitting	Loom Knitting	14	https://bevgyjm5apuichhj.public.blob.vercel-storage.com/subcategories/Portable-Easels-aI0bCP47yJpHKkyrZtUROQWa6tjS1Z
rug-hooking	Rug Hooking	14	https://bevgyjm5apuichhj.public.blob.vercel-storage.com/products/Arteza-Neon-Chalk-Markers-HZ44KJqMfFZZHXMtTo2qFmycCOPYkk
art-display-stands	Art Display Stands	12	https://bevgyjm5apuichhj.public.blob.vercel-storage.com/products/Spectralock-UV-Resistant-Fixative-Spray-Kaz6tFAzEJbdq0MCkiQHRGLleI7amG
lino-cutting-tools	Lino Cutting Tools	6	https://bevgyjm5apuichhj.public.blob.vercel-storage.com/products/standard-graphite-set-6-MMVN4RGUPIbDEbouYoD2db7y1jlNBB
canvas-pads	Canvas Pads	10	https://bevgyjm5apuichhj.public.blob.vercel-storage.com/products/hard-pencil-5-de3EgeiEQrL77HcwIiVQWQbGyHdWNZ
gelli-plates	Gelli Plates	6	https://bevgyjm5apuichhj.public.blob.vercel-storage.com/products/specialty-charcoal-5-pYFDO0Em5186x9199dh8gz8NjNf76n
clay	Clay	16	https://bevgyjm5apuichhj.public.blob.vercel-storage.com/products/soft-pencils-1-jx3HMKCvHeYH8tciNXdsgxRqyJPyFg
glitter	Glitter	20	https://bevgyjm5apuichhj.public.blob.vercel-storage.com/products/Metallic-Marker-Pens-Pack-of-12-yipMbV2ITUUEwDidZwnmPhh338MbFt
resin	Resin	20	https://bevgyjm5apuichhj.public.blob.vercel-storage.com/subcategories/Vinyl-Erasers-4bqzhOv3KsKREEWx4a8UbrXJkZtSGp
glass-cutters	Glass Cutters	18	https://bevgyjm5apuichhj.public.blob.vercel-storage.com/products/sets-10-gbXDR1E4LkU44CsnPfW8h50RBMKmRV
camera-lenses	Camera Lenses	13	https://bevgyjm5apuichhj.public.blob.vercel-storage.com/products/Waterproof-Zipper-Portfolio-Bag-oh4Q5ZAQmQKnJHrKr0riVPj0qX9Kdq
decorative-paper	Decorative Paper	5	https://bevgyjm5apuichhj.public.blob.vercel-storage.com/products/Ball-Burnisher-FHN49iMhML3uJ2ocRbvmYTkhduBwVW
jewelry-making-kits	Jewelry Making Kits	15	https://bevgyjm5apuichhj.public.blob.vercel-storage.com/products/6b-pencil-6-aXcmRdHq1VU2P3vCvZJJ9UKzfv2Jo5
masking-tape	Masking Tape	3	https://bevgyjm5apuichhj.public.blob.vercel-storage.com/subcategories/Fine-Tip-Markers-1wUmcBWb4cooMq4kAfcTJGkJ2MqwJQ
markers-and-pens	Markers and Pens	5	https://bevgyjm5apuichhj.public.blob.vercel-storage.com/products/professional-set-2-lSPzSTrrfBDNlf79XgOmqtTQhSdbxs
woodworking-files	Woodworking Files	17	https://bevgyjm5apuichhj.public.blob.vercel-storage.com/products/MTN-Pro-Matte-Varnish-gaedKKbSUOqOW8nSrCmCY8iq6JPF59
storage-devices	Storage Devices	11	https://bevgyjm5apuichhj.public.blob.vercel-storage.com/products/Biodegradable-Fixative-Spray-4mT9J8c1WsnZ9EbqqunoWTqxeIejqs
construction-paper	Construction Paper	10	https://bevgyjm5apuichhj.public.blob.vercel-storage.com/products/medium-charcoal-5-88rNBGfhkw71hmZtMY0fJ9YLB69WEC
watercolor-paints	Watercolor Paints	20	https://bevgyjm5apuichhj.public.blob.vercel-storage.com/products/Wooden-Adjustable-Easel-CVBneNhKboh8AsVw4SM5tLxN48hLZT
oil-pastels	Oil Pastels	2	https://bevgyjm5apuichhj.public.blob.vercel-storage.com/products/specialty-pencil-7-QE5BcEKdocC0mMgSndRwKrymjemNjM
calligraphy-papers	Calligraphy Papers	4	https://bevgyjm5apuichhj.public.blob.vercel-storage.com/products/Detail-Sanding-Stick-le90c01c3zx5heWjychhXgri7c2M8S
foam-boards	Foam Boards	9	https://bevgyjm5apuichhj.public.blob.vercel-storage.com/products/Fine-Sandpaper-Pack-PWm6QzHLbKpRi4LGIhEvhmrcSq7roe
woodworking-benches	Woodworking Benches	17	https://bevgyjm5apuichhj.public.blob.vercel-storage.com/products/soft-pencils-7-kjuqPCVguDsljo9d0miSH1Bo0XWLsd
cutting-tools	Cutting Tools	8	https://bevgyjm5apuichhj.public.blob.vercel-storage.com/products/Pocket-sized-Sewing-Kit-ylUnZmFMyaDmNYcQ1tiPUNlUgTPPRX
photo-paper	Photo Paper	13	https://bevgyjm5apuichhj.public.blob.vercel-storage.com/subcategories/Travel-Sketchbooks-egjrqI3JSpmyVDFhDtJLgQRV688JXY
stamps	Stamps	20	https://bevgyjm5apuichhj.public.blob.vercel-storage.com/products/Metallic-Pencil-Blending-Stump-Set-TyGYtAEPNp2Hkks7dMlU0X4I8ANQxh
ink-wash	Ink Wash	4	https://bevgyjm5apuichhj.public.blob.vercel-storage.com/products/Hahnemuhle-Nostalgie-Sketchbook-ijBI6cQfVVH2H4Sb1MaAhutquDU3YZ
texture-paste	Texture Paste	20	https://bevgyjm5apuichhj.public.blob.vercel-storage.com/products/Rose-Gold-Metallic-Pencil-Sketchbook-tJrz2BM3V7hyjIWzivhGdIRpX4yr8T
ceramic-bisque	Ceramic Bisque	16	https://bevgyjm5apuichhj.public.blob.vercel-storage.com/products/Grafix-All-Purpose-Fixatif-Aerosol-Spray-Nyn4AFhBZIxjVpEkuE4I6iorCluGua
camera-accessories	Camera Accessories	13	https://bevgyjm5apuichhj.public.blob.vercel-storage.com/products/Golden-High-Flow-Acrylics-CIgfItb9JnsaZdcm6N9LnMgio8VNl2
firing-accessories	Firing Accessories	16	https://bevgyjm5apuichhj.public.blob.vercel-storage.com/products/student-grade-5-yAgduVhgJqLoJfRZjfBo27jfoRlGvR
paper-and-cardstock	Paper and Cardstock	5	https://bevgyjm5apuichhj.public.blob.vercel-storage.com/products/oil-pastel-29-i7yTMCYYjiB6VVd2iSFI4SPI5xKypw
drawing-tablets	Drawing Tablets	11	https://bevgyjm5apuichhj.public.blob.vercel-storage.com/products/oil-pastel-39-8AnbTxJbug1hePg5gemwXobmKs8O8D
beads	Beads	15	https://bevgyjm5apuichhj.public.blob.vercel-storage.com/products/Rose-Gold-Metallic-Pencil-Pack-nTl42YG8eQlUXhfo7lw2yzmUcmdVy1
studio-backdrops	Studio Backdrops	13	https://bevgyjm5apuichhj.public.blob.vercel-storage.com/products/Huion-Digital-Pen-MD5VBJ3h1rHmDa1Pe9vleqZGgA0j7M
scratch-art-paper	Scratch Art Paper	9	https://bevgyjm5apuichhj.public.blob.vercel-storage.com/products/Palette-Knife-Set-with-Case-w1dOgs9Q6gOKtdHZNG6cI7dyZDOqGM
frame-molding	Frame Molding	12	https://bevgyjm5apuichhj.public.blob.vercel-storage.com/products/choice-set-2-ewLewFvBp7NUSBcNSoQPeGbXcyoeCj
art-history	Art History	19	https://bevgyjm5apuichhj.public.blob.vercel-storage.com/products/Impressionist-Easel-mRspfWTM4OCi4DKSROxEnvnKRVX9Hv
linocut-supplies	Linocut Supplies	6	https://bevgyjm5apuichhj.public.blob.vercel-storage.com/products/Refillable-Neon-Crayon-Holder-kxbtBaJ61GYWuMQ3WiWZT1K6e9N240
birch-panels	Birch Panels	9	https://bevgyjm5apuichhj.public.blob.vercel-storage.com/products/hard-charcoal-9-o54GttKsa7lkCGkRBQ5BvxUPQDdGS4
newsprint-paper	Newsprint Paper	10	https://bevgyjm5apuichhj.public.blob.vercel-storage.com/products/Realism-Portrait-Painting-Course-4QXxuUnEb6aQHTiY3VPEwWYI8bQDwJ
rubber-stamps	Rubber Stamps	6	https://bevgyjm5apuichhj.public.blob.vercel-storage.com/products/Krylon-Artist-Sprays-3Tb1XaqV2AHPbVUt0Bk1DBurSmjzpD
gutenberg-press	Gutenberg Press	6	https://bevgyjm5apuichhj.public.blob.vercel-storage.com/products/Rubbing-Alcohol-Disinfecting-Solution-Ks7U1yxdynL6rB6UwFWEKkPOJHcCIu
certificate-frames	Certificate Frames	12	https://bevgyjm5apuichhj.public.blob.vercel-storage.com/products/hard-pencil-7-6LpsG59Levw9mq2VgQaPswNkocKLrS
shaping-tools	Shaping Tools	16	https://bevgyjm5apuichhj.public.blob.vercel-storage.com/products/hard-charcoal-9-o54GttKsa7lkCGkRBQ5BvxUPQDdGS4
ceramic-studio-equipment	Ceramic Studio Equipment	16	https://bevgyjm5apuichhj.public.blob.vercel-storage.com/products/Reusable-Grid-Stencil-Various-Sizes-ym6UAe2nVBjDv9oLUx2hY0CeRQoY1R
model-paints	Model Paints	7	https://bevgyjm5apuichhj.public.blob.vercel-storage.com/products/Sakura-Gelly-Roll-Classic-Gel-Pen-Set-coOn7ERqr08IXZud1Z72M9aNbT5RTU
ink-pads	Ink Pads	20	https://bevgyjm5apuichhj.public.blob.vercel-storage.com/products/hard-pastel-set-1-aFupuWXOXxEmnbKGF8KpwnxlChNClG
printing-presses	Printing Presses	6	https://bevgyjm5apuichhj.public.blob.vercel-storage.com/products/U.S-VryVnhIllhRXiuTJTdNoIAHZ4gjWd8.-Art-Supply-Premium-Charcoal-Paper
slip	Slip	16	https://bevgyjm5apuichhj.public.blob.vercel-storage.com/products/Rose-Gold-Metallic-Paint-Pen-R74HPlVnvyiJXFepUXvndJGk1mYV4a
stamping-accessories	Stamping Accessories	6	https://bevgyjm5apuichhj.public.blob.vercel-storage.com/subcategories/eco-friendly-oil-pastels-2qccQTHHLA7ZYFBurLtAfTN1QifiyM
pens	Pens	20	https://bevgyjm5apuichhj.public.blob.vercel-storage.com/subcategories/Wooden-Easels-8P9y8k60H0mA6RjUztjlfioPk1VKue
craft-paper	Craft Paper	10	https://bevgyjm5apuichhj.public.blob.vercel-storage.com/products/Strathmore-400-Series-Black-Mixed-Media-Paper-Q0GISXl3AM56lxIrRYo5c1IRpiLfCP
drill-bits	Drill Bits	17	https://bevgyjm5apuichhj.public.blob.vercel-storage.com/products/Weber-Odorless-Turpenoid-3dGswvqlA63AtwEVA0AzPg8pKysza2
polymer-clay	Polymer Clay	7	https://bevgyjm5apuichhj.public.blob.vercel-storage.com/subcategories/Grid-Sketchbooks-tgULvHojvMqOsE3uq6ng0UvMVPSzkF
origami-paper	Origami Paper	10	https://bevgyjm5apuichhj.public.blob.vercel-storage.com/subcategories/Neon-crayon-sharpeners-JUhsoUFrQxa3jQDcXkr4BlbBhsJZ1a
woodworking-planes	Woodworking Planes	17	https://bevgyjm5apuichhj.public.blob.vercel-storage.com/products/Drafting-Eraser-Stick-4Lz44B9HG9dfnobi7HwGifsQGNvIsO
pastel-paper	Pastel Paper	10	https://bevgyjm5apuichhj.public.blob.vercel-storage.com/subcategories/Leather-Cases-EwdJmK4ej4N1SwgiZb8xPciOG6vOYs
digital-drawing-pads	Digital Drawing Pads	11	https://bevgyjm5apuichhj.public.blob.vercel-storage.com/products/Shimmering-Silver-Pastel-Pencils-Set-of-24-3cOpEda4vecO2i6ujtmeve2VvhCOoB
instant-cameras	Instant Cameras	13	https://bevgyjm5apuichhj.public.blob.vercel-storage.com/products/Dr.-Ph-JjnY0x3ktJQUALsrYhAc2gzm15gRw3.-Martin's-Hydrus-Fine-Art-Watercolor-Ink
squeegees	Squeegees	6	https://bevgyjm5apuichhj.public.blob.vercel-storage.com/products/earth-tone-pan-pastel-10-0vDQ65qKM7XVR0RqTxh0Ai9QauIxCe
newsprint-pads	Newsprint Pads	10	https://bevgyjm5apuichhj.public.blob.vercel-storage.com/products/sketching-pencil-10-90ZJqrD9V21yOjSgeWWxf10VdAMVBl
pottery-classes	Pottery Classes	16	https://bevgyjm5apuichhj.public.blob.vercel-storage.com/products/Conte-a-Paris-Pastel-Pencils-FR9yCsHOVjM803Q75Rl7YQ4PLuagED
mouse-pads	Mouse Pads	11	https://bevgyjm5apuichhj.public.blob.vercel-storage.com/products/Professional-Landscape-Sketchbook-Set-tjoLO20qpmaWqhzz5NbFwS0nWxeTQp
block-printing-supplies	Block Printing Supplies	6	https://bevgyjm5apuichhj.public.blob.vercel-storage.com/subcategories/travel-sketching-sets-zJyV1CMecnk7hsXFdAi0HLEOuImyK6
calligraphy-ink	Calligraphy Ink	4	https://bevgyjm5apuichhj.public.blob.vercel-storage.com/products/Hard-Shell-Case-for-GoPro-Hero-8-MTQ9FvTk104PmQiUBKnNu40RkU5zL8
painting-varnish	Painting Varnish	3	https://bevgyjm5apuichhj.public.blob.vercel-storage.com/products/Electric-Eraser-Refills-L6LLnQMOsCxIoUZRhtOEgOzwRUK9GZ
digital-pens	Digital Pens	11	https://bevgyjm5apuichhj.public.blob.vercel-storage.com/products/Pastel-Gel-Pen-Set-24-Colors-bGRfCWoqFj8P0PmF2ALcfDE6qHKMBm
slip-casting-supplies	Slip Casting Supplies	16	https://bevgyjm5apuichhj.public.blob.vercel-storage.com/products/Airbrush-Cleaning-Kit-YV4pngyIH2Z5CC5nRzQTgX3uYHZNok
sculpting-wire	Sculpting Wire	7	https://bevgyjm5apuichhj.public.blob.vercel-storage.com/products/Aluminum-H-Frame-Quick-Release-Easel-L82FKwT7z8XC67SzdlK4U26BavVrPV
velvet-paper	Velvet Paper	9	https://bevgyjm5apuichhj.public.blob.vercel-storage.com/products/Koh-I-Noor-Tri-Tone-Pearlescent-Metallic-Pencils-XGWAACPcRaPZXmzwmbbsIAir9x4UpL
graphics-tablet-cases	Graphics Tablet Cases	11	https://bevgyjm5apuichhj.public.blob.vercel-storage.com/products/Impressionist-Easel-mRspfWTM4OCi4DKSROxEnvnKRVX9Hv
spinning	Spinning	14	https://bevgyjm5apuichhj.public.blob.vercel-storage.com/products/Pastel-Brush-Pen-Highlighters-ut0xBml8jI2073M1DBFTjjT1WdICbd
firing-tools	Firing Tools	16	https://bevgyjm5apuichhj.public.blob.vercel-storage.com/products/Dot-Grid-Travel-Sketchbook-rVRul43w4jHnExh7musQ43BUhXN3Nm
ink-dips	Ink Dips	4	https://bevgyjm5apuichhj.public.blob.vercel-storage.com/subcategories/Non-Toxic-Fixative-Sprays-IigfUi6VJWyBpPMyivSOFrw0I9CCeh
gloves-for-graphics-tablet	Gloves for Graphics Tablet	11	https://bevgyjm5apuichhj.public.blob.vercel-storage.com/products/Canson-Mi-Teintes-Touch-Charcoal-Paper-Pad-1Bshu7WcmrRj7w01sVwzRMBiEg0ISx
wood-crafts	Wood Crafts	5	https://bevgyjm5apuichhj.public.blob.vercel-storage.com/products/Colorful-Calligraphy-Ink-Set-B42VJiR6CAT9PQjvkLrI9Yea1PjBl3
model-making-kits	Model Making Kits	7	https://bevgyjm5apuichhj.public.blob.vercel-storage.com/products/Lyra-Rembrandt-Aquarell-Water-soluble-Pencils-ytqSeSiOBR5EjSrRL34d78bItzmid9
candle-making-supplies	Candle Making Supplies	5	https://bevgyjm5apuichhj.public.blob.vercel-storage.com/products/Silver-Pastel-Pencil-Sharpener-pyWOhrsqO5api7sRPpiJO8cbVGFi0m
patchwork	Patchwork	14	https://bevgyjm5apuichhj.public.blob.vercel-storage.com/products/Sandpaper-Roll-Assortment-TysWjOrJBj9ZptagCKfRcqOX1i4EIW
drawing-techniques	Drawing Techniques	19	https://bevgyjm5apuichhj.public.blob.vercel-storage.com/products/ShinHan-Touch-Twin-Brush-Colorless-Blender-Marker-5FPvCXhnGTOv1ofLnmv6QXCgN3nUkm
monoprinting-supplies	Monoprinting Supplies	6	https://bevgyjm5apuichhj.public.blob.vercel-storage.com/products/Stabilo-CarbOthello-Water-soluble-Pastel-Pencils-ZEQoU5dZXNriXhSC6t2nYpkBuPLASY
relief-ink	Relief Ink	6	https://bevgyjm5apuichhj.public.blob.vercel-storage.com/products/sketching-pencil-10-90ZJqrD9V21yOjSgeWWxf10VdAMVBl
lens-cleaners	Lens Cleaners	13	https://bevgyjm5apuichhj.public.blob.vercel-storage.com/products/Mini-Metal-Display-Easel-xsGkAnyg9A4R81Iz8lp7EhadS5Con3
gel-mediums	Gel Mediums	20	https://bevgyjm5apuichhj.public.blob.vercel-storage.com/products/Staedtler-Triplus-Fineliners-e1zvRCbcqAXpMH3X75CwROUt7Z7TNP
quills	Quills	4	https://bevgyjm5apuichhj.public.blob.vercel-storage.com/products/Fabriano-Toned-Mixed-Media-Paper-Pad-kih7cDj20tZLM5e3lpWkOFIdyncWCy
sponges-and-cleaners	Sponges and Cleaners	16	https://bevgyjm5apuichhj.public.blob.vercel-storage.com/products/XP-Pen-Artist-15-on1VNsKKjySBQ6syNX8Q1ZnFgZO0II.6-Pro
crystals	Crystals	15	https://bevgyjm5apuichhj.public.blob.vercel-storage.com/products/Prismacolor-Nupastel-Hard-Pastels-(Set-of-24)-CjHHSQvw3H6xPEX65YXM5cOXP1TEIS
knitting-and-crochet-supplies	Knitting and Crochet Supplies	5	https://bevgyjm5apuichhj.public.blob.vercel-storage.com/products/Neon-Chalk-Pastel-Pencils-qyq9KoGTMR1qe4HvYkNQNSwW8GKNAV
ceramic-fiber	Ceramic Fiber	16	https://bevgyjm5apuichhj.public.blob.vercel-storage.com/products/muted-pencil-4-RXALKCxoRwceobX9IIXPEPJoG9kSkg
glass-beads	Glass Beads	18	https://bevgyjm5apuichhj.public.blob.vercel-storage.com/products/oil-pastel-38-qXEwYkBL1gGR0Csinh26v7gvNpATbb
jewelry-displays	Jewelry Displays	15	https://bevgyjm5apuichhj.public.blob.vercel-storage.com/products/2b-pencil-4-ttrxw25VuSSFnqXhdODCYE4o2teCWp
collage-materials	Collage Materials	20	https://bevgyjm5apuichhj.public.blob.vercel-storage.com/products/Customizable-Laptop-Sleeve-TVlOyIkZ5PI9paZ5ZtsDnZBMTQPiw5
soldering-supplies	Soldering Supplies	15	https://bevgyjm5apuichhj.public.blob.vercel-storage.com/products/Children's-Wooden-Easel-0IDbpv1huHK4T1uPEExHzf6fGk4GBJ
acrylic-cases	Acrylic Cases	12	https://bevgyjm5apuichhj.public.blob.vercel-storage.com/products/Legion-Stonehenge-Light-Paper-WpXnRXywnEZ75BUSoyAQ8oFCMETUTm
needlepoint	Needlepoint	14	https://bevgyjm5apuichhj.public.blob.vercel-storage.com/categories/sketchbooks-VJfVeMh0bY1ya6lFXQ5nTiY8gmnqRf
drypoint-needles	Drypoint Needles	6	https://bevgyjm5apuichhj.public.blob.vercel-storage.com/products/Sponge-Roller-Kit-QG0ymifXEOYrd8lUy30NjjkIEQ0v6J
yarn	Yarn	14	https://bevgyjm5apuichhj.public.blob.vercel-storage.com/products/Metallic-Copper-Colored-Pencils-Set-gbX6o81xAuUYCJIGgPgSu9TAWvggUx
resin-supplies	Resin Supplies	15	https://bevgyjm5apuichhj.public.blob.vercel-storage.com/products/GAOMON-PD1161-ov7jKdKYWtorpLN1jvmheF009LgMXq
stickers-and-embellishments	Stickers and Embellishments	5	https://bevgyjm5apuichhj.public.blob.vercel-storage.com/products/Metallic-Silver-Colored-Pencil-cKGjciEo4bVWqyJdY9obJVVhg4QaPw
batting	Batting	14	https://bevgyjm5apuichhj.public.blob.vercel-storage.com/products/Burnishing-Brush-Set-SZPBTFueHGdX0ezgwQdXyFvrKKaYD6
clay-modeling-tools	Clay Modeling Tools	7	https://bevgyjm5apuichhj.public.blob.vercel-storage.com/products/Luminous-Orange-Pastel-Pencil-Instruction-Book-p6GYVQJOlJujh9sGqsK3ICjyDTLA00
drawing-pens	Drawing Pens	2	https://bevgyjm5apuichhj.public.blob.vercel-storage.com/products/Sketching-Paper-Stumps-o6Pn3wFe338wJRhGXRGtP8gFr7onJs
resin-sculpture	Resin Sculpture	7	https://bevgyjm5apuichhj.public.blob.vercel-storage.com/products/Liquid-Sumi-Ink-Bottle-B1gcKaj8mA16T9WyMNXdpJM8MJ7G9G
cardstock	Cardstock	10	https://bevgyjm5apuichhj.public.blob.vercel-storage.com/products/Metallic-Fluorescent-Crayons-0r55IRriciXsIekV9jl9ERA8IiPPzw
architecture-tools	Architecture Tools	19	https://bevgyjm5apuichhj.public.blob.vercel-storage.com/products/hb-pencil-10-mH6rRxwNVJFxIYsyRqvKp7kHHesdQM
adhesives	Adhesives	20	https://bevgyjm5apuichhj.public.blob.vercel-storage.com/products/Vintage-Art-Gum-Eraser-Set-J2EEZA7kbTq9RLMBsNbvzBjTFCPqO9
photography-equipment	Photography Equipment	19	https://bevgyjm5apuichhj.public.blob.vercel-storage.com/products/Copper-Metallic-Ink-EdyVZ8pknVRYSta5OlNxBgmDQ0kqlV
glazes	Glazes	16	https://bevgyjm5apuichhj.public.blob.vercel-storage.com/products/Canson-Mi-Teintes-Black-Paper-Pad-aMJTLFhPvukpSAparwr9UjyybSI7c1
carving-block	Carving Block	6	https://bevgyjm5apuichhj.public.blob.vercel-storage.com/products/Brause-Rose-Pen-Nib-WqUnjmpTngqd1UfNozsplmj7dQMbdO
crafts-and-diy	Crafts and DIY	19	https://bevgyjm5apuichhj.public.blob.vercel-storage.com/products/Silver-Metallic-Pencil-Extender-cypTrIlOuuw1mfGgeEbtC3x6e5lq4w
weaving-looms	Weaving Looms	14	https://bevgyjm5apuichhj.public.blob.vercel-storage.com/products/student-grade-6-r6Q56T4NhMmKWC56X6PJdIMC64UqjE
ink-blotters	Ink Blotters	4	https://bevgyjm5apuichhj.public.blob.vercel-storage.com/products/MILDLINER-Glitter-Highlighter-Pens-zOC1bi73rckYd5Rs4ShcCfUdFLLRjK
glass-fusing-kits	Glass Fusing Kits	18	https://bevgyjm5apuichhj.public.blob.vercel-storage.com/products/Faber-Castell-Pitt-Charcoal-Pencils-M8sxkoJnOF2wcOZ2RaSTeEfbZr2bRJ
etching-tools	Etching Tools	6	https://bevgyjm5apuichhj.public.blob.vercel-storage.com/products/Canson-Mi-Teintes-Paper-Pad-ZhA0HC17ZHRjrhtJlEOLqu5RlzGIip
ink-bottles	Ink Bottles	4	https://bevgyjm5apuichhj.public.blob.vercel-storage.com/products/Mini-Grid-Sketchbook-Pocket-Size-60-Sheets-ZHAQDY4fgS5MKVpoGObPLuGfw3P5W6
ceramic-stains	Ceramic Stains	16	https://bevgyjm5apuichhj.public.blob.vercel-storage.com/products/Weber-Odorless-Turpenoid-3dGswvqlA63AtwEVA0AzPg8pKysza2
hand-saws	Hand Saws	17	https://bevgyjm5apuichhj.public.blob.vercel-storage.com/products/Neon-Fabric-Markers-Set-of-6-Z5wFqphmiUKx0OT93sYuJedyaTkThJ
knitting	Knitting	14	https://bevgyjm5apuichhj.public.blob.vercel-storage.com/products/Canson-XL-Series-Charcoal-Paper-Roll-aLoj1uXxFcFlrrPL6hlcwHfvCaKNzo
paints	Paints	5	https://bevgyjm5apuichhj.public.blob.vercel-storage.com/products/Glow-in-the-Dark-Crayon-Art-Kit-9R44uLaa1W50gOG3qesEYsrXUwPgIY
dslr-cameras	DSLR Cameras	13	https://bevgyjm5apuichhj.public.blob.vercel-storage.com/products/Metallic-Pencil-Fixative-Spray-Ezskhj3x6JZzE82zHR4ae0UQClvJ65
stringing-materials	Stringing Materials	15	https://bevgyjm5apuichhj.public.blob.vercel-storage.com/products/GAOMON-PD1161-ov7jKdKYWtorpLN1jvmheF009LgMXq
digital-art	Digital Art	19	https://bevgyjm5apuichhj.public.blob.vercel-storage.com/subcategories/soft-lead-cRtZIpXwoMWT06MejezKOrPA5YMs6L
sculpture-bases	Sculpture Bases	12	https://bevgyjm5apuichhj.public.blob.vercel-storage.com/products/oil-pastel-30-TZ5nJVgjTEHmBkXA7Y1UOUvMOm6kY6
potters-wheels	Potters Wheels	16	https://bevgyjm5apuichhj.public.blob.vercel-storage.com/products/Fabric-Markers-with-Metallic-Colors-Pack-of-8-gCgyTGVWrpYtL9K2fKuO4KQDbW5Fce
mosaic-patterns	Mosaic Patterns	18	https://bevgyjm5apuichhj.public.blob.vercel-storage.com/products/Staedtler-Triplus-Fineliner-Metallic-Pens-uljydrNN7YRYyVylHyHiqPzy0pVsaf
graphic-design-materials	Graphic Design Materials	19	https://bevgyjm5apuichhj.public.blob.vercel-storage.com/products/Lascaux-UV-Protect-2-Fixative-Spray-LAX2RdycQFyjtisTJtO3b7cqEPHv2W
beads-and-jewelry-making	Beads and Jewelry Making	5	https://bevgyjm5apuichhj.public.blob.vercel-storage.com/products/charcoal-infused-06-5gBaCVYAte1CVXUQpD9oStn0yKTaAl
findings	Findings	15	https://bevgyjm5apuichhj.public.blob.vercel-storage.com/products/Cubism-Posters-Set-TGJhjVCTolFwzppCfm5dPmDb8ji08n
clay-and-modeling-materials	Clay and Modeling Materials	5	https://bevgyjm5apuichhj.public.blob.vercel-storage.com/products/Mini-Travel-Makeup-Case-CPLpUIAdYfcATKopJSPHdDF7z48ZF8
palette-knives	Palette Knives	2	https://bevgyjm5apuichhj.public.blob.vercel-storage.com/categories/conte-crayons-DKnK1SXHHtMZShTj9QFZ7ndbAFbDrj
video-equipment	Video Equipment	13	https://bevgyjm5apuichhj.public.blob.vercel-storage.com/products/muted-pencil-9-e6sG40hGDOdEuHKkkdK8kV00miUbQW
measuring-tools	Measuring Tools	17	https://bevgyjm5apuichhj.public.blob.vercel-storage.com/subcategories/Pastel-Marker-Pens-MPixOUgPrWEGKvaU4WKfWgQobtPtej
creative-writing	Creative Writing	19	https://bevgyjm5apuichhj.public.blob.vercel-storage.com/products/Caran-d'Ache-Luminance-6901-Color-Pencil-Blender-VSnJO0sVtittsR5IhvVP2WeRVTdaNl
plate-stands	Plate Stands	12	https://bevgyjm5apuichhj.public.blob.vercel-storage.com/products/hard-pencils-2-Np2FYFELgnjv8F7XyuWpoMkxGW9PJC
yarn-and-thread	Yarn and Thread	5	https://bevgyjm5apuichhj.public.blob.vercel-storage.com/products/General's-Jumbo-Kneaded-Eraser-EhDqc8nGgscVfx2N55YtUBhgmawwD0
external-hard-drives	External Hard Drives	11	https://bevgyjm5apuichhj.public.blob.vercel-storage.com/products/Fabriano-Toned-Mixed-Media-Paper-Pad-kih7cDj20tZLM5e3lpWkOFIdyncWCy
magnifying-glasses	Magnifying Glasses	8	https://bevgyjm5apuichhj.public.blob.vercel-storage.com/products/Neon-Oil-Pastels-Paper-Stumps-mgtAx44EY7Q7Cgihm7Z0ee2fwxedx8
mat-boards	Mat Boards	12	https://bevgyjm5apuichhj.public.blob.vercel-storage.com/products/Dust-Free-Eraser-rlKHfHeOzCc0tIrWJGOG0ANr6hhwqS
canvas-rolls	Canvas Rolls	9	https://bevgyjm5apuichhj.public.blob.vercel-storage.com/products/student-grade-6-r6Q56T4NhMmKWC56X6PJdIMC64UqjE
ink-sticks	Ink Sticks	4	https://bevgyjm5apuichhj.public.blob.vercel-storage.com/products/Koh-I-Noor-Gioconda-Pastel-Pencils-(Set-of-36)-F4M4SsFhr3lqSDRCNh9lQQLRf7QGZ4
inkjet-paper	Inkjet Paper	10	https://bevgyjm5apuichhj.public.blob.vercel-storage.com/products/soft-pastel-set-4-uTenrhFOI5iuLHADrVjo6U4nvzvO4H
buttons-and-beads	Buttons and Beads	5	https://bevgyjm5apuichhj.public.blob.vercel-storage.com/products/Roll-up-Makeup-Brush-Bag-5rOSC1VWxHnxSukhXA00bcZbmOXN7S
coloring-supplies	Coloring Supplies	2	https://bevgyjm5apuichhj.public.blob.vercel-storage.com/products/Electric-Ink-Eraser-jLfztzpqi5gZJxenN5GrZPuDtVrNpX
painting-surfaces	Painting Surfaces	3	https://bevgyjm5apuichhj.public.blob.vercel-storage.com/products/Winsor-and-Newton-Bristol-Board-BLFxaScq4OWSVwNde6miWyui3LJFGv
wood-finishes	Wood Finishes	17	https://bevgyjm5apuichhj.public.blob.vercel-storage.com/products/Sumi-Ink-Drawing-Pad-e0P9qgczkoVUSQgvONb3s0BCn9IKgO
buttons	Buttons	14	https://bevgyjm5apuichhj.public.blob.vercel-storage.com/products/Fine-Sandpaper-Pack-PWm6QzHLbKpRi4LGIhEvhmrcSq7roe
tablet-covers	Tablet Covers	11	https://bevgyjm5apuichhj.public.blob.vercel-storage.com/products/Luminous-Orange-Pastel-Pencil-Blending-Stump-l32eQFDzNfSBn4dJjBz3knWdpWl53n
wood-stains	Wood Stains	17	https://bevgyjm5apuichhj.public.blob.vercel-storage.com/products/Sakura-Gelly-Roll-Stardust-Gel-Pens-CxwrJxmWdThsObHZXnbXSWNw6APfN6
sculpting-books	Sculpting Books	7	https://bevgyjm5apuichhj.public.blob.vercel-storage.com/products/Refillable-Pencil-Cap-Erasers-ffOiqHxiI88S92RFnfAt0XFCNJuwXW
stencils	Stencils	20	https://bevgyjm5apuichhj.public.blob.vercel-storage.com/products/Canvas-Cleaning-Kit-lyAjezCNMaoRWDPsUbz25xdRxbNRod
filters	Filters	13	https://bevgyjm5apuichhj.public.blob.vercel-storage.com/products/Dual-Tip-Chalk-Markers-(Earth-Tones)-VP6Q1C6OIKINA6h6sCWHvPu0ElJNag
canvas-panels	Canvas Panels	3	https://bevgyjm5apuichhj.public.blob.vercel-storage.com/subcategories/Tablet-Stands-RzznLkmuw4bgym6yblCmm9LZNWKwRj
threads	Threads	14	https://bevgyjm5apuichhj.public.blob.vercel-storage.com/products/Pastel-Highlighter-Marker-Pens-FMhdTiMRlr4ZzrBj0wNK29Uc98w7wG
canvas-stretchers	Canvas Stretchers	12	https://bevgyjm5apuichhj.public.blob.vercel-storage.com/products/Willow-Charcoal-Eraser-ihMAfrSgNAN6wXQUogJ0hJWheisPA4
storage-solutions	Storage Solutions	13	https://bevgyjm5apuichhj.public.blob.vercel-storage.com/products/Ink-Eraser-Tape-zmzfBtJywS4JiGfJYwD6F5nHR2syDK
rice-paper	Rice Paper	10	https://bevgyjm5apuichhj.public.blob.vercel-storage.com/products/student-grade-10-DJ7tpckJv1G3r6wKJn38QAHH4cF0g3
painting-aprons	Painting Aprons	8	https://bevgyjm5apuichhj.public.blob.vercel-storage.com/products/medium-charcoal-4-zEccREYxLyrw4Ml1q3zo0vRkd9JvvP
saws	Saws	17	https://bevgyjm5apuichhj.public.blob.vercel-storage.com/products/skin-tone-marker-pencils-set-NsTzdCqKJ74wADCYEZGOaj0bmh83dh
wood-varnishes	Wood Varnishes	17	https://bevgyjm5apuichhj.public.blob.vercel-storage.com/products/Rechargeable-Electric-Eraser-tCb4SIqw5Owhjmlr7TvRPPVHbgkFm2
pottery-wheels	Pottery Wheels	16	https://bevgyjm5apuichhj.public.blob.vercel-storage.com/products/mechanical-pencil-set-yVKjVvSdLqv4mkn3BcBvwbtdZWWZgf
screen-printing-kit	Screen Printing Kit	6	https://bevgyjm5apuichhj.public.blob.vercel-storage.com/products/Realism-Landscape-Painting-Workshop-dqQSsn8SX2d1EPlJHg4JFOlhlzjoSP
printing-plates	Printing Plates	6	https://bevgyjm5apuichhj.public.blob.vercel-storage.com/products/Stonehenge-White-Mixed-Media-Paper-QeWUNXth9a9zSIW5TeoBf153Rr7UZy
modeling-clay	Modeling Clay	7	https://bevgyjm5apuichhj.public.blob.vercel-storage.com/products/Jackson-Pollock-Style-Paint-Drip-Set-DODcsATlEhBknhXp2wvzl5V6WSwUvw
display-easels	Display Easels	12	https://bevgyjm5apuichhj.public.blob.vercel-storage.com/products/HD-Clear-Screen-Protector-for-Canon-DSLR-Cameras-skTySCUyXGeab8RIqkp7CPoNwwnTGL
decals	Decals	16	https://bevgyjm5apuichhj.public.blob.vercel-storage.com/products/hard-pencil-5-de3EgeiEQrL77HcwIiVQWQbGyHdWNZ
bisqueware	Bisqueware	16	https://bevgyjm5apuichhj.public.blob.vercel-storage.com/subcategories/standard-oil-pastels-TnxEwWHWQN9Qhs2Plhwhl5mGy5HZ5f
glass-tools	Glass Tools	18	https://bevgyjm5apuichhj.public.blob.vercel-storage.com/products/Retractable-Vinyl-Eraser-xuBIcpsOq2TCE5ck5PxIaO1qrfbvFj
bamboo-panels	Bamboo Panels	9	https://bevgyjm5apuichhj.public.blob.vercel-storage.com/products/Glitter-Metallic-Pencil-Set-9JS6h9lDZOhV1raNNzr9kzt3G9HNzF
sculpting-workshops	Sculpting Workshops	7	https://bevgyjm5apuichhj.public.blob.vercel-storage.com/products/Conte-a-Paris-Pastel-Pencil-Set-in-Bright-Red-gdYj2LhsLUZ2aYKQY8haJxYEluv1Oz
armature-wire	Armature Wire	7	https://bevgyjm5apuichhj.public.blob.vercel-storage.com/products/Convertible-Studio-Easel-PbKXA7dyiNxdF1V38lSa2gHqjUI1hy
floating-shelves	Floating Shelves	12	https://bevgyjm5apuichhj.public.blob.vercel-storage.com/products/Tempered-Glass-Screen-Protector-for-iPhone-X-UPsugdysVGn1MEMGAj2ayegWaSQD2Y
screen-printing-inks	Screen Printing Inks	6	https://bevgyjm5apuichhj.public.blob.vercel-storage.com/subcategories/UV-Resistant-Fixative-Sprays-0HfYpSwLG3QPGofaE4iZDfnQbyf4o6
quill-pens	Quill Pens	4	https://bevgyjm5apuichhj.public.blob.vercel-storage.com/products/Glowing-Green-Pastel-Pencil-Eraser-VTo11Mee2Tzy8o6qH6TmhZngIL19pL
embroidery-floss	Embroidery Floss	14	https://bevgyjm5apuichhj.public.blob.vercel-storage.com/products/Foldable-Tablet-Stand-with-Cooling-Fan-gSjU10NHW84q7v8pxIs3NmhdPEi1Ds
stylus	Stylus	11	https://bevgyjm5apuichhj.public.blob.vercel-storage.com/products/hard-lead-06-C36uk3dPuOhFgxyzCW69VnfbMT5lQi
transfer-paper	Transfer Paper	20	https://bevgyjm5apuichhj.public.blob.vercel-storage.com/products/Metallic-Silver-Colored-Pencil-cKGjciEo4bVWqyJdY9obJVVhg4QaPw
fabric-medium	Fabric Medium	20	https://bevgyjm5apuichhj.public.blob.vercel-storage.com/products/Rose-Gold-Metallic-Pencil-Pack-nTl42YG8eQlUXhfo7lw2yzmUcmdVy1
paintbrushes	Paintbrushes	8	https://bevgyjm5apuichhj.public.blob.vercel-storage.com/products/Loew-Cornell-Soft-Half-Pastels-jBwOf821Vl98cJeNxdgcM2zKAUA6Ie
studio-equipment	Studio Equipment	13	https://bevgyjm5apuichhj.public.blob.vercel-storage.com/products/Pocket-sized-Sewing-Kit-ylUnZmFMyaDmNYcQ1tiPUNlUgTPPRX
art-therapy	Art Therapy	19	https://bevgyjm5apuichhj.public.blob.vercel-storage.com/products/Travel-Sketchbook-Case-FR1npUZ77dUVPgfkMLrmf6qd8TY5Xf
glass-fusing-supplies	Glass Fusing Supplies	18	https://bevgyjm5apuichhj.public.blob.vercel-storage.com/products/Erasable-Chalkboard-Labels-kZDjSu8PphUjwv0goXwX9r2a5JfDoN
film-cameras	Film Cameras	13	https://bevgyjm5apuichhj.public.blob.vercel-storage.com/products/Metallic-Pencil-Set-50-Colors-8RJEbnj8hyXf5NC0Jq1asGOqn8iZmr
paper-pads	Paper Pads	9	https://bevgyjm5apuichhj.public.blob.vercel-storage.com/products/Copper-Metallic-Colored-Pencil-Sharpener-4w5x9pCeFYa9RIGmacRszQhE4Rlf9F
fabrics	Fabrics	5	https://bevgyjm5apuichhj.public.blob.vercel-storage.com/products/Zebra-Sarasa-Gel-Retractable-Pens-yGHqm2BkDL92LUD8xRwmpuCJG3bHK5
technique-guides	Technique Guides	19	https://bevgyjm5apuichhj.public.blob.vercel-storage.com/products/soft-lead-08-kTcjikniESj1ljquPIBuSFgCQYX1Ox
clay-extruders	Clay Extruders	16	https://bevgyjm5apuichhj.public.blob.vercel-storage.com/products/Stonehenge-Light-Paper-yt8MKmh96RZ5NUBWRbBBIAY82VDW1T
acrylic-mediums	Acrylic Mediums	20	https://bevgyjm5apuichhj.public.blob.vercel-storage.com/products/Leather-Watch-Case-1SkiFCHaOcMprfMoOiYvLGlyLuZhLg
poster-hangers	Poster Hangers	12	https://bevgyjm5apuichhj.public.blob.vercel-storage.com/products/Paper-Mate-InkJoy-Gel-Metallic-Pens-LmmLaOpoiUFihkV0EkTlfWveJoEM1R
silk-fiber	Silk Fiber	14	https://bevgyjm5apuichhj.public.blob.vercel-storage.com/products/Fabriano-Tiziano-Paper-Sheets-q6IwU51f380cXVeziToEzyJv92RZLD
sanding-tools	Sanding Tools	17	https://bevgyjm5apuichhj.public.blob.vercel-storage.com/products/Bamboo-Cotton-Swabs-Sustainable-Choice-d4w2WHyEtq43zYZBPqpjjjBoelGZki
wood-routers	Wood Routers	17	https://bevgyjm5apuichhj.public.blob.vercel-storage.com/products/Canson-XL-Series-Mix-Media-Paper-ndEZyHWZdHRNwKx6qkHv8MASV0kRQI
drawing-mannequins	Drawing Mannequins	8	https://bevgyjm5apuichhj.public.blob.vercel-storage.com/products/Alabaster-Sculpture-Block-p5KUC1q3IbhCSfXe7HqxufTzfEZYmc
easels	Easels	8	https://bevgyjm5apuichhj.public.blob.vercel-storage.com/products/Chelsea-Classical-Studio-Lavender-Spike-Oil-Essence-K0byJbT1mCEUCVtdRSs5z5uhnm2I0p
spinning-wheels	Spinning Wheels	14	https://bevgyjm5apuichhj.public.blob.vercel-storage.com/products/Agate-Burnisher-gUQdVag0DD7tqWKnMkkhyIu3rbLZKc
ink-refills	Ink Refills	4	https://bevgyjm5apuichhj.public.blob.vercel-storage.com/products/Mungyo-Gallery-Soft-Pastels-bDidgroqc56m0IkKrBDpdHrfJj5Nje
stone-carving	Stone Carving	7	https://bevgyjm5apuichhj.public.blob.vercel-storage.com/products/Bone-Burnisher-Y1Q6TNjGxzJhSnWRHPHVRcF6bsFg02
glass-molds	Glass Molds	18	https://bevgyjm5apuichhj.public.blob.vercel-storage.com/products/neon-pencil-7-LKPBLJbIe2dpA2W9bkhJfon2fy1rxo
foam-sculpting	Foam Sculpting	7	https://bevgyjm5apuichhj.public.blob.vercel-storage.com/products/Grip-Eraser-Stick-zY55O3jnrBubLrojJHrsKlFSfbCVNS
paint-varnish	Paint Varnish	3	https://bevgyjm5apuichhj.public.blob.vercel-storage.com/products/Desktop-Tablet-Stand-with-Cable-Management-IsIXH47QfcpRKxVDdX5wRUuAAJk3pH
adhesive-tapes	Adhesive Tapes	8	https://bevgyjm5apuichhj.public.blob.vercel-storage.com/categories/gel-pens-9PWj8RuFzeypVZVc05KIK9qghGxMWl
headphones-for-artists	Headphones for Artists	11	https://bevgyjm5apuichhj.public.blob.vercel-storage.com/products/hard-pencils-1-z5rw96xNns0DWzhHKjfaEJZb80wFqH
painting-boards	Painting Boards	3	https://bevgyjm5apuichhj.public.blob.vercel-storage.com/products/charcoal-infused-09-g0CkvsquemS1YgTUDpmMfENIQWKwfV
painting-tape	Painting Tape	3	https://bevgyjm5apuichhj.public.blob.vercel-storage.com/products/earth-tone-pan-pastel-7-I6eyCz9b1Fz1QiI9w5Uad5SHH58R8e
sculpture-tools	Sculpture Tools	19	https://bevgyjm5apuichhj.public.blob.vercel-storage.com/products/Blue-Sage-Smudge-Stick-Zj2bG3Gnpnkytc9GSgST1hYHYZPllz
monitor-calibration-tools	Monitor Calibration Tools	11	https://bevgyjm5apuichhj.public.blob.vercel-storage.com/products/U.S-GBPwy8SVC6qqOWyFkbhc5UI5rNTS8L.-Art-Supply-Black-Paper-Sketch-Pad
watercolor	Watercolor	2	https://bevgyjm5apuichhj.public.blob.vercel-storage.com/products/oil-pastel-8-HILaynXWS8A33tyg2KN7Or13kMtU1W
stained-glass-supplies	Stained Glass Supplies	18	https://bevgyjm5apuichhj.public.blob.vercel-storage.com/products/Neon-Crayon-Storage-Tower-5vcHk0gSomqltJXJSpsJRtS9Njb3cJ
candles-and-candle-making-supplies	Candles and Candle Making Supplies	5	https://bevgyjm5apuichhj.public.blob.vercel-storage.com/products/Handmade-Charcoal-Paper-Journal-tQDFJXS4stUc943KC8qZ59iSfXKpbn
embossing-powder	Embossing Powder	20	https://bevgyjm5apuichhj.public.blob.vercel-storage.com/subcategories/Pop-Art-8R062Gu9bPTmnwL04DRwcoldKfUY9e
art-aprons	Art Aprons	8	https://bevgyjm5apuichhj.public.blob.vercel-storage.com/products/Rose-Gold-Metallic-Pencil-Art-Instruction-Book-bRBsFhpzvvb2ll7TohlZPjJgWbpELc
sculpture-stands	Sculpture Stands	7	https://bevgyjm5apuichhj.public.blob.vercel-storage.com/products/Beechwood-Studio-Easel-yvEqX1EcqDDiqhqmvJd7k5ogKFFEfG
modeling-stands	Modeling Stands	16	https://bevgyjm5apuichhj.public.blob.vercel-storage.com/products/Krylon-Low-Odor-Fixative-Spray-tGXdhV1Kx6cND2KPXECW2Doa6T7yhL
color-mixing-guides	Color Mixing Guides	8	https://bevgyjm5apuichhj.public.blob.vercel-storage.com/products/Drafting-Eraser-Shield-3bJ2pm4dPBqFFcIxRWYpIvLXHtvQW3
camera-cleaning-kits	Camera Cleaning Kits	13	https://bevgyjm5apuichhj.public.blob.vercel-storage.com/products/soft-lead-08-kTcjikniESj1ljquPIBuSFgCQYX1Ox
mixed-media-paper	Mixed Media Paper	10	https://bevgyjm5apuichhj.public.blob.vercel-storage.com/products/Dual-Tip-Chalk-Markers-(Earth-Tones)-VP6Q1C6OIKINA6h6sCWHvPu0ElJNag
art-business	Art Business	19	https://bevgyjm5apuichhj.public.blob.vercel-storage.com/subcategories/Acrylic-Inks-nbSfqLAE80BIDO54c2xrq5etnCi0ZT
fabric	Fabric	14	https://bevgyjm5apuichhj.public.blob.vercel-storage.com/products/Mungyo-Inktense-Pastel-Pencils-66tkTlDWUgKf33sJezucHJscG1T9uz
brushes	Brushes	20	https://bevgyjm5apuichhj.public.blob.vercel-storage.com/products/professional-set-5-qhQlxUci44HInwnKwHIYX1vbLEIszm
painting-tools	Painting Tools	3	https://bevgyjm5apuichhj.public.blob.vercel-storage.com/products/Dot-Grid-Planner-c9hkitCYc8a4QYnKNb3Sn4re6Pn1WT
inktober-pads	Inktober Pads	10	https://bevgyjm5apuichhj.public.blob.vercel-storage.com/products/White-Charcoal-Powder-fDZWfDV0z61LJzKfiYLs0UzWVdkANt
pedestals	Pedestals	12	https://bevgyjm5apuichhj.public.blob.vercel-storage.com/categories/drawing-paper-TIZtJqfrBO7ghRfu1KZxLgyKDHOc1j
painting-fundamentals	Painting Fundamentals	19	https://bevgyjm5apuichhj.public.blob.vercel-storage.com/products/hard-pencil-2-5Nm43i5Vrg8PFQl2xa4VqEsbTZFYMK
fiber-sculpture	Fiber Sculpture	14	https://bevgyjm5apuichhj.public.blob.vercel-storage.com/products/Mugwort-Smudge-Stick-BZF5wYhhxiWz3PlAiwE3wqwBFJT5Ad
color-theory-materials	Color Theory Materials	19	https://bevgyjm5apuichhj.public.blob.vercel-storage.com/subcategories/Glitter-Gel-Pens-ngK66uDqfJd8usHs6lpJWLEeFb20QH
color-theory	Color Theory	19	https://bevgyjm5apuichhj.public.blob.vercel-storage.com/products/Impressionist-Canvas-Panels-vilUb9IGYs08WGthwUnXTUthbjWdbh
embroidery-hoops	Embroidery Hoops	14	https://bevgyjm5apuichhj.public.blob.vercel-storage.com/subcategories/Palette-knives-PveJIgSh5cIWhrwR6rhZU4od4ZTRK3
canvas-blocks	Canvas Blocks	9	https://bevgyjm5apuichhj.public.blob.vercel-storage.com/products/8b-pencil-10-rPZUp4EkxQibXk8eVdFNb5T0zee77V
clamps	Clamps	17	https://bevgyjm5apuichhj.public.blob.vercel-storage.com/subcategories/Glitter-Gel-Pens-ngK66uDqfJd8usHs6lpJWLEeFb20QH
paper	Paper	2	https://bevgyjm5apuichhj.public.blob.vercel-storage.com/products/Liquid-Charcoal-Powder-Ink-n4q7e11J9k3xb5CKmsfjVWB8nj8HIW
metal-stamping	Metal Stamping	15	https://bevgyjm5apuichhj.public.blob.vercel-storage.com/products/Long-Blending-Stumps-tKKDMP253ccUA5LBwuDL2r811b4oPU
drawing-gloves	Drawing Gloves	11	https://bevgyjm5apuichhj.public.blob.vercel-storage.com/products/Miniature-Travel-Sketchbook-Set-wkeTMDGu2bCU6oGs9sUGRyjVJYQdNB
wire-and-jewelry-making-supplies	Wire and Jewelry Making Supplies	5	https://bevgyjm5apuichhj.public.blob.vercel-storage.com/products/Adjustable-Iron-Easel-FLm3Brjsdovty4pSjbOaSYviWjIgjI
drawing-pads	Drawing Pads	10	https://bevgyjm5apuichhj.public.blob.vercel-storage.com/products/Krylon-K01305-Gallery-Series-Artist-and-Clear-Coatings-Aerosol-2YeGpQfVRLHoLpIXeZDn9Inq4Aftpc
scissors	Scissors	20	https://bevgyjm5apuichhj.public.blob.vercel-storage.com/products/Isopropyl-Rubbing-Alcohol-70percent-BO5zlTTI4jtanj7k748vtg9GfyzChd
quilting	Quilting	14	https://bevgyjm5apuichhj.public.blob.vercel-storage.com/products/Staedtler-Karat-Aquarell-Blender-Pencils-Gj9JhfmBBDUJNoTfNQFQqtnBT3BCm1
painting-easels	Painting Easels	3	https://bevgyjm5apuichhj.public.blob.vercel-storage.com/subcategories/Bright-Red-Pastel-Pencils-d0JegNc4TEIGb40WBvD3f7LOKrqDaV
darkroom-equipment	Darkroom Equipment	13	https://bevgyjm5apuichhj.public.blob.vercel-storage.com/products/Leonardt-Principal-EF-Pen-Nib-PN8STf9KgsK6n9MHiBKfUT4aONy411
extruders	Extruders	16	https://bevgyjm5apuichhj.public.blob.vercel-storage.com/subcategories/Ink-Wash-E9FYWvFQsxgi8AVXcSwNRPriGr6M9f
memory-cards	Memory Cards	13	https://bevgyjm5apuichhj.public.blob.vercel-storage.com/products/Lascaux-UV-Protect-2-Fixative-Spray-LAX2RdycQFyjtisTJtO3b7cqEPHv2W
printmaking-paper	Printmaking Paper	6	https://bevgyjm5apuichhj.public.blob.vercel-storage.com/products/Assorted-Color-Pencil-Cap-Erasers-5u3mCniJOOQGAkppYo172fU4T8itRB
knitting-accessories	Knitting Accessories	14	https://bevgyjm5apuichhj.public.blob.vercel-storage.com/products/Small-Clear-Plastic-Grid-Case-uKonbmGb6tavlw2LGKDsqcBGQWTt4C
glass-embossing-tools	Glass Embossing Tools	18	https://bevgyjm5apuichhj.public.blob.vercel-storage.com/subcategories/Abstract-Expressionism-bJkQgYErkqxpRrjMxmLNns92F3Xscw
graphic-design	Graphic Design	19	https://bevgyjm5apuichhj.public.blob.vercel-storage.com/products/Mini-Eraser-Stick-Set-W36djyMjJx0RHYVLzqKlubfF9igS8G
lathes	Lathes	17	https://bevgyjm5apuichhj.public.blob.vercel-storage.com/products/Vinyl-Erasers-SrN1ax2uAv8yTyYItfsd75vy8n2H2T
felting	Felting	14	https://bevgyjm5apuichhj.public.blob.vercel-storage.com/products/Rainbow-Chalk-Markers-Set-roaSTOy8YBcnNwxWTeFqItFlvpxZGz
screen-cleaning-kits	Screen Cleaning Kits	11	https://bevgyjm5apuichhj.public.blob.vercel-storage.com/products/2b-pencil-8-3mAysJM2PTAG5itP5tAU6dR3jfZ7tk
miniature-sculpting	Miniature Sculpting	7	https://bevgyjm5apuichhj.public.blob.vercel-storage.com/products/Glow-in-the-Dark-Crayons-Set-of-6-Ea4Qv8vMyh5OJsQ5AAeOOnoh8c6Ihg
anti-glare-filters	Anti-Glare Filters	11	https://bevgyjm5apuichhj.public.blob.vercel-storage.com/products/2b-pencil-7-eYzMT0QmPpXw8kXC82PgLwjDcPgfDX
tablet-stand	Tablet Stand	11	https://bevgyjm5apuichhj.public.blob.vercel-storage.com/products/Uni-ball-Signo-Gel-Pen-Set-LyZwGbt6WPY8kLZtFkTmBc0hxfWWAB
rolling-storage-carts	Rolling Storage Carts	8	https://bevgyjm5apuichhj.public.blob.vercel-storage.com/products/Lavender-Smudge-Stick-SBVaNL5URTV18FlxQlSotO07uH9okv
stretched-canvas	Stretched Canvas	9	https://bevgyjm5apuichhj.public.blob.vercel-storage.com/products/specialty-set-8-rQts9dtNnNhZUYEOKHnaZRC6HohMs8
mixed-media	Mixed Media	19	https://bevgyjm5apuichhj.public.blob.vercel-storage.com/products/Metallic-Permanent-Marker-Fine-Tip-4T1d4Aq3Uk1KnyVBlWyleEjlV19vvn
japanese-rice-paper	Japanese Rice Paper	10	https://bevgyjm5apuichhj.public.blob.vercel-storage.com/products/travel-set-2-CqHxad4P9zEMrK83Gyj6Deb9p9EMYK
quilting-supplies	Quilting Supplies	14	https://bevgyjm5apuichhj.public.blob.vercel-storage.com/products/Mont-Marte-Pastel-Pencils-j4AHEjIaVFZTakvb5xcN3oYiZbOfKZ
etching-supplies	Etching Supplies	18	https://bevgyjm5apuichhj.public.blob.vercel-storage.com/products/Handmade-Charcoal-Paper-Easel-Pad-CdVpu6pW4vLYxvjGFaNkBMH92a9LaS
model-building-kits	Model Building Kits	7	https://bevgyjm5apuichhj.public.blob.vercel-storage.com/products/metallic-pencil-7-DeUlBYBlUenM6lVScsrGq16EhcyKeL
embroidery	Embroidery	14	https://bevgyjm5apuichhj.public.blob.vercel-storage.com/products/student-grade-6-r6Q56T4NhMmKWC56X6PJdIMC64UqjE
marker-ink	Marker Ink	4	https://bevgyjm5apuichhj.public.blob.vercel-storage.com/products/Crescent-Creative-Products-Black-Drawing-Board-ZVUIKqAJOmyWQnqP8IaKg2CgNUG5Dx
wireless-mouses	Wireless Mouses	11	https://bevgyjm5apuichhj.public.blob.vercel-storage.com/products/Canson-XL-Series-Charcoal-Paper-j3V7YXQKYT4rsA3Tqn0uBqHX98K2xO
woodworking-books	Woodworking Books	17	https://bevgyjm5apuichhj.public.blob.vercel-storage.com/products/Vine-Willow-Charcoal-Stick-7pARRzommu06UXplR33W1mkoO9XfKr
parchment-paper	Parchment Paper	10	https://bevgyjm5apuichhj.public.blob.vercel-storage.com/products/Accordion-Fold-Travel-Sketchbook-4t7BrZC5ydHZSOgUjDnErNFkbuH21G
graph-paper	Graph Paper	10	https://bevgyjm5apuichhj.public.blob.vercel-storage.com/products/Cubist-Artist-Mannequin-WyH19ix6uJkAbSbm7c1eo4h725lFQy
stamping-tools	Stamping Tools	6	https://bevgyjm5apuichhj.public.blob.vercel-storage.com/products/Staedtler-Mars-Plastic-Eraser-Refills-AVTVd7h3rcXGtRKpQrZBBPSjXbduuh
usb-c-cables	USB-C Cables	11	https://bevgyjm5apuichhj.public.blob.vercel-storage.com/products/Impressionist-Art-Paper-Pad-Y8Y2DwxFbb8mSVpg3uKl945nGHLiEx
nibs-and-holders	Nibs and Holders	4	https://bevgyjm5apuichhj.public.blob.vercel-storage.com/subcategories/UV-Resistant-Fixative-Sprays-0HfYpSwLG3QPGofaE4iZDfnQbyf4o6
wood-finishing-supplies	Wood Finishing Supplies	17	https://bevgyjm5apuichhj.public.blob.vercel-storage.com/products/Turquoise-Pastel-Pencil-Roll-Up-Case-lcqsAqSCO5euxesK9Fd9TKxkxckXYW
gesso	Gesso	20	https://bevgyjm5apuichhj.public.blob.vercel-storage.com/products/Uni-ball-Signo-Gel-Pen-Neon-Pink-s5g25SXWnHout2i1qbNH2NW4OVAdtJ
notebooks	Notebooks	10	https://bevgyjm5apuichhj.public.blob.vercel-storage.com/products/Mini-Display-Easel-Stand-JQCDTcji5Clh54ibG6fcjOx7Ha3SGj
glass-paints	Glass Paints	18	https://bevgyjm5apuichhj.public.blob.vercel-storage.com/products/hard-pastel-set-3-Da2dcwwlXrztdMhIWTrpzFbG1RwQNH
film	Film	13	https://bevgyjm5apuichhj.public.blob.vercel-storage.com/products/specialty-pencil-1-JnY2siVh0ns19bI3O0tasnoQhoM0fr
display-cases	Display Cases	12	https://bevgyjm5apuichhj.public.blob.vercel-storage.com/products/Strathmore-400-Series-Black-Mixed-Media-Paper-Q0GISXl3AM56lxIrRYo5c1IRpiLfCP
grout-and-adhesives	Grout and Adhesives	18	https://bevgyjm5apuichhj.public.blob.vercel-storage.com/products/Metallic-Chalk-Markers-p4AgtJpZAoxvkZiDL0g9jRvsfcefch
instructional-books	Instructional Books	19	https://bevgyjm5apuichhj.public.blob.vercel-storage.com/products/choice-set-2-ewLewFvBp7NUSBcNSoQPeGbXcyoeCj
illustration-tools	Illustration Tools	19	https://bevgyjm5apuichhj.public.blob.vercel-storage.com/products/Small-Zippered-Pencil-Case-Zv6zkGBNt463try4LLgImH57PuaOlc
modeling-tools	Modeling Tools	7	https://bevgyjm5apuichhj.public.blob.vercel-storage.com/products/White-Charcoal-Sketchbook-JpoYdJs0beTPLtKvUKz2z1FkL4I58R
painting-solvents	Painting Solvents	3	https://bevgyjm5apuichhj.public.blob.vercel-storage.com/subcategories/specialty-oil-pastels-LY4uOTjwRot02kkSO4qhVDJ1CzWKix
blending-stumps	Blending Stumps	2	https://bevgyjm5apuichhj.public.blob.vercel-storage.com/products/Wooden-Tabletop-Easel-G9ml9t3WM0Em5qs7JrKaPMt1ebY43D
rulers-and-straightedges	Rulers and Straightedges	8	https://bevgyjm5apuichhj.public.blob.vercel-storage.com/products/white-charcoal-pencil-hEwIpr0aXe4arInav6K2UY0vMqDa67
router-bits	Router Bits	17	https://bevgyjm5apuichhj.public.blob.vercel-storage.com/products/Shinhan-Touch-Twin-Markers-6Yqw0lRAtaX5apZsULjfHl3WnttH7h
painting-sets	Painting Sets	3	https://bevgyjm5apuichhj.public.blob.vercel-storage.com/products/Strathmore-400-Series-Black-Mixed-Media-Paper-Q0GISXl3AM56lxIrRYo5c1IRpiLfCP
tools	Tools	15	https://bevgyjm5apuichhj.public.blob.vercel-storage.com/products/soft-pastel-set-2-kaU2xGazrjwJU363GC0qnlxm2Ca8rZ
macrame	Macrame	14	https://bevgyjm5apuichhj.public.blob.vercel-storage.com/products/Pastel-Glitter-Gel-Pen-Set-36-Colors-yiTqN1zOnzQsyI4oD3V9eBsL1b3GIO
weaving	Weaving	14	https://bevgyjm5apuichhj.public.blob.vercel-storage.com/products/Heavy-Duty-Pastel-Pencil-Sharpener-UJLp1HgWCtaSeJnv345ysZcZbWWuOF
ink-brushes	Ink Brushes	4	https://bevgyjm5apuichhj.public.blob.vercel-storage.com/subcategories/Metal-Easels-GcIfMShqfhytWGintxXfw18laQctrh
mirrors	Mirrors	12	https://bevgyjm5apuichhj.public.blob.vercel-storage.com/products/Eco-Friendly-Paper-Stumps-dtT0PIOJXA7D4cOLdpjyBQwM6Rz0DY
crafting-supplies	Crafting Supplies	19	https://bevgyjm5apuichhj.public.blob.vercel-storage.com/products/Arteza-EverBlend-Art-Markers-6F2mrf9hQ2l2Zi2v3s2lWY0rPfo53f
calligraphy	Calligraphy	19	https://bevgyjm5apuichhj.public.blob.vercel-storage.com/products/Holbein-Artist-Pastel-Pencils-Mimosa-Yellow-Wg10Hn7sSguvaNiwfjRuRxLWIiZHCW
glass-mosaic-supplies	Glass Mosaic Supplies	18	https://bevgyjm5apuichhj.public.blob.vercel-storage.com/products/choice-set-5-ILSO7GbQCzczoAZuIZSL26a1ckzk3N
calligraphy-sets	Calligraphy Sets	4	https://bevgyjm5apuichhj.public.blob.vercel-storage.com/products/Derwent-Coloursoft-Pencils-qfpfL5LuoT2usk7u7lLR9H3DBfaIhS
glass-blowing-supplies	Glass Blowing Supplies	18	https://bevgyjm5apuichhj.public.blob.vercel-storage.com/products/Grip-Pencil-Cap-Erasers-OSrkoDdB3ct8KS9Ifac0HRumLFFNCL
mounting-supplies	Mounting Supplies	12	https://bevgyjm5apuichhj.public.blob.vercel-storage.com/products/Lascaux-UV-Protect-2-Fixative-Spray-LAX2RdycQFyjtisTJtO3b7cqEPHv2W
canvases	Canvases	20	https://bevgyjm5apuichhj.public.blob.vercel-storage.com/products/Turquoise-Pastel-Pencil-Eraser-IxpXQkm4vDA7hFCUmyR25aJTYfXai2
frame-hardware	Frame Hardware	12	https://bevgyjm5apuichhj.public.blob.vercel-storage.com/subcategories/earth-tone-pan-pastels-1rE65nW433syY9sgCpuYYuZf48fkf3
spray-paints	Spray Paints	20	https://bevgyjm5apuichhj.public.blob.vercel-storage.com/subcategories/Neon-crayon-sharpeners-JUhsoUFrQxa3jQDcXkr4BlbBhsJZ1a
block-printing-tools	Block Printing Tools	6	https://bevgyjm5apuichhj.public.blob.vercel-storage.com/products/Clear-Plastic-Makeup-Organizer-6Dwew6mE0fIoY35rYNdXHIQDX99l7Y
casting-supplies	Casting Supplies	7	https://bevgyjm5apuichhj.public.blob.vercel-storage.com/products/Zebra-DelGuard-Eraser-Refills-8YvIAfVMq97M1VkEQzGf9jifAEIhby
sharpening-tools	Sharpening Tools	17	https://bevgyjm5apuichhj.public.blob.vercel-storage.com/products/Metallic-Pencil-Set-Gold-and-Silver-ZDH9BAcOc4WkFfp3VRFKp2GexvJe4q
camera-straps	Camera Straps	13	https://bevgyjm5apuichhj.public.blob.vercel-storage.com/products/Minimalist-Black-and-White-Throw-Pillow-4FXr8njU1kv2pshvINJBfUBZFdFr4t
mosaic-tiles	Mosaic Tiles	18	https://bevgyjm5apuichhj.public.blob.vercel-storage.com/products/Velvet-Jewelry-Pouch-JO4RPvVcwIZQABL4k31bHOMr0AG3vf
mixed-media-supplies	Mixed Media Supplies	2	https://bevgyjm5apuichhj.public.blob.vercel-storage.com/products/KitchenAid-Diamond-Blender-iFiH5MGMXl2dSMfK7VpeqXfpXWnG6d
printmaking-tools	Printmaking Tools	19	https://bevgyjm5apuichhj.public.blob.vercel-storage.com/products/Faber-Castell-Perfection-Eraser-Refills-aFF2E8JfKOaO1JIlLScaZ598G19Oml
digital-art-projectors	Digital Art Projectors	11	https://bevgyjm5apuichhj.public.blob.vercel-storage.com/products/Stonehenge-Drawing-Paper-AX9dniJVQrSFVsPPlcpx5hO1GyuenI
tracing-paper	Tracing Paper	10	https://bevgyjm5apuichhj.public.blob.vercel-storage.com/products/Clear-Plastic-Storage-Box-c3DafcIcoZ1HMR147rOxj2sFXqRdau
wooden-panels	Wooden Panels	9	https://bevgyjm5apuichhj.public.blob.vercel-storage.com/products/artist-grade-4-crkvQPblJ4JtUosYkhMCPaabAvPnUO
patterns	Patterns	14	https://bevgyjm5apuichhj.public.blob.vercel-storage.com/products/Art-Nouveau-Ceramic-Coaster-Set-NTwNjXETR9f3KSh2iuuCKABIm16BG9
ink-drawing	Ink Drawing	4	https://bevgyjm5apuichhj.public.blob.vercel-storage.com/subcategories/Silver-Metallic-Pencils-FFbFyCdWuRp8gISustgPpCFcPb9cN5
metal-leaf	Metal Leaf	20	https://bevgyjm5apuichhj.public.blob.vercel-storage.com/subcategories/Renaissance-9YEiQ2N72pWXCFkAB0MfhwQGq8Om4x
needlework	Needlework	5	https://bevgyjm5apuichhj.public.blob.vercel-storage.com/products/Rough-Texture-Charcoal-Paper-Pad-unJ8iRCP5BEAWk8ZKGQWYEhwX03cPh
metal-sculpture	Metal Sculpture	7	https://bevgyjm5apuichhj.public.blob.vercel-storage.com/subcategories/Dot-Grid-Sketchbooks-i54tsRZGl5jEX2LgZa0KnYqQ5vdqfM
molding-materials	Molding Materials	7	https://bevgyjm5apuichhj.public.blob.vercel-storage.com/products/hard-pencil-8-mzTf4XJmmCjTd8R3yH1aJ0DWBJ4PbX
pendants	Pendants	15	https://bevgyjm5apuichhj.public.blob.vercel-storage.com/products/4b-pencil-8-38BxA0lJxpaChm7CNLJ4iifyekCHEI
photo-albums	Photo Albums	12	https://bevgyjm5apuichhj.public.blob.vercel-storage.com/products/Hard-Vine-Charcoal-Pencils-cg6wqPfxw0KKRbSk7eaTgQjfQc8DLe
brush-pens	Brush Pens	2	https://bevgyjm5apuichhj.public.blob.vercel-storage.com/products/soft-lead-10-Xy2YNvE7cjV1K18a2sHizu1MlTdJQj
ink-washes	Ink Washes	4	https://bevgyjm5apuichhj.public.blob.vercel-storage.com/products/Lascaux-UV-Protect-Ultra-Matte-Varnish-aVy9YGewmDlz0UvqfRVkhpVIOS2xdP
digital-brushes	Digital Brushes	11	https://bevgyjm5apuichhj.public.blob.vercel-storage.com/products/specialty-set-3-lAvwrG38PWXDx6Yro5qhrmd24c28g1
gator-boards	Gator Boards	9	https://bevgyjm5apuichhj.public.blob.vercel-storage.com/products/watercolor-pencil-10-CaXwcVhoLQsc67eMDADiSz3bWYecWB
camera-bags	Camera Bags	13	https://bevgyjm5apuichhj.public.blob.vercel-storage.com/products/Neon-Handheld-Crayon-Sharpener-7QPu354tiIYiAXzhs4T3S1zfXQd6xT
sculpting-brushes	Sculpting Brushes	7	https://bevgyjm5apuichhj.public.blob.vercel-storage.com/products/Ecoline-Liquid-Watercolor-Ink-nRWjl2p1NEqWJE2r6bqcx8PFCjfSTU
canvas	Canvas	8	https://bevgyjm5apuichhj.public.blob.vercel-storage.com/products/Charcoal-Powder-Fixative-Spray-g6NgThYO9heEU4HYHPnoDv2QhG3QSS
plaster-of-paris	Plaster of Paris	7	https://bevgyjm5apuichhj.public.blob.vercel-storage.com/subcategories/Refillable-neon-crayons-LqjhIWbfqtKtCky4U9gEtAiGF3TcO3
brush-holders	Brush Holders	8	https://bevgyjm5apuichhj.public.blob.vercel-storage.com/subcategories/Glow-in-the-dark-crayons-e1BGSrokL4NrJ4ev40iQ9z049Ek6Lk
watercolor-supplies	Watercolor Supplies	19	https://bevgyjm5apuichhj.public.blob.vercel-storage.com/products/Moleskine-Pocket-Sketchbook-kAxLAvYs7bQB2r9ixSbBwKcugmarcw
graphic-design-software	Graphic Design Software	11	https://bevgyjm5apuichhj.public.blob.vercel-storage.com/products/Glow-in-the-Dark-Crayons-Set-pB7jkhpJoWx86FcHk5q3xHFPICbmAg
stamping-and-embossing	Stamping and Embossing	5	https://bevgyjm5apuichhj.public.blob.vercel-storage.com/products/hard-pencils-10-PRfIpxfxE9eiZOCpn4XdU96iqCdGJE
scratchboard	Scratchboard	9	https://bevgyjm5apuichhj.public.blob.vercel-storage.com/products/Bienfang-Canvasette-Paper-Pad-XBpwFS8SmrbWpwfRTbvpm9cW2UoSib
photo-transfer-products	Photo Transfer Products	20	https://bevgyjm5apuichhj.public.blob.vercel-storage.com/products/Spectrum-Noir-Alcohol-Markers-Set-AkVBojMllr053Gff1mLmfDLO91GCd0
monitor-stands	Monitor Stands	11	https://bevgyjm5apuichhj.public.blob.vercel-storage.com/subcategories/sketching-pencil-sets-z9ANm24Jhoru2GVN3hloapOJJwQLKw
wood-glue	Wood Glue	17	https://bevgyjm5apuichhj.public.blob.vercel-storage.com/products/Crayola-Super-Tips-Washable-Markers-Sbf8wiIzhKmQfAhCQFqsirNFIfD5Ow
printing-paper	Printing Paper	6	https://bevgyjm5apuichhj.public.blob.vercel-storage.com/subcategories/Fluorescent-crayons-m04J8aOnfw2LPQOXngwxDGNvveMIw1
children's-art	Children's Art	19	https://bevgyjm5apuichhj.public.blob.vercel-storage.com/products/Metallic-Pencil-Set-36-Colors-2BQuxN2zjinkMk4N3KiLGoniBfTyz5
woodworking-jigs	Woodworking Jigs	17	https://bevgyjm5apuichhj.public.blob.vercel-storage.com/products/Dual-ended-Pastel-Brush-Pens-Set-7fPbiFhRHt4PKVwg2UcIz0wfC4Llog
screen-protectors	Screen Protectors	11	https://bevgyjm5apuichhj.public.blob.vercel-storage.com/products/Pastel-Highlighter-Set-I2Ucd30OvCNp6yRrUg2kdx5GbpLG8J
felt	Felt	14	https://bevgyjm5apuichhj.public.blob.vercel-storage.com/products/Magnetic-Pencil-Cap-Erasers-iHjlUQZsx2UOYTWy35G2cz9J1teKQ2
thread-art	Thread Art	14	https://bevgyjm5apuichhj.public.blob.vercel-storage.com/products/medium-charcoal-8-nYAzlE4o0Eo6RQBlrBdJWGVIElYDNq
graphics-cards	Graphics Cards	11	https://bevgyjm5apuichhj.public.blob.vercel-storage.com/products/Neon-Oil-Pastel-Crayons-Assorted-Colors-uhzEnqoF5EwaM9r9KiNGZHspvNdpFR
fabric-and-textiles	Fabric and Textiles	5	https://bevgyjm5apuichhj.public.blob.vercel-storage.com/products/Pentalic-Pocket-Sketch-Spiral-bound-Sketchbook-0lQXEvHolhOrppGKg1b1dPwFagFNIR
carving-knives	Carving Knives	17	https://bevgyjm5apuichhj.public.blob.vercel-storage.com/products/Art-n-Fly-Gel-Pen-Set-nNf4pAc11p9z1DYsshWEdPcCV7xxRj
acrylic-paints	Acrylic Paints	20	https://bevgyjm5apuichhj.public.blob.vercel-storage.com/products/Recycled-Charcoal-Paper-Sheets-dVvxmqxVFGzP7CZfLFCF7iMSgUxLdr
paint-palettes	Paint Palettes	8	https://bevgyjm5apuichhj.public.blob.vercel-storage.com/products/pencil-sharpeners-b0c2080HNXUW05jrxaTc5YuKsZtl0I
photography-books	Photography Books	13	https://bevgyjm5apuichhj.public.blob.vercel-storage.com/products/Microfiber-Camera-Pouch-j7nD3LtQuEqVkbiiZ2AreVrJ5kinbO
glass-grinding-tools	Glass Grinding Tools	18	https://bevgyjm5apuichhj.public.blob.vercel-storage.com/products/Clear-Plastic-Document-Folder-mXObWVsu98qt7DMCTmLugWAcw6vlDm
canvas-sheets	Canvas Sheets	9	https://bevgyjm5apuichhj.public.blob.vercel-storage.com/products/Neon-Scented-Crayons-Set-of-8-HCB12hZ73k1twfRauycjz7B4VEGQDv
earring-components	Earring Components	15	https://bevgyjm5apuichhj.public.blob.vercel-storage.com/products/Realism-Oil-Paint-Set-vuFLAozXnGs9PJzc4TBHM3VTnTrj0q
brush-cleaners	Brush Cleaners	8	https://bevgyjm5apuichhj.public.blob.vercel-storage.com/products/oil-pastel-set-2-9inDgQUU8CBjbBZVInbdg6fwjC01Ag
calligraphy-paper	Calligraphy Paper	10	https://bevgyjm5apuichhj.public.blob.vercel-storage.com/products/Fabriano-Academia-Drawing-Paper-MApifvNn0rTI4chNPYwKeGuW5Guolx
gemstones	Gemstones	15	https://bevgyjm5apuichhj.public.blob.vercel-storage.com/products/erasable-colored-pencils-gN2L6EgJb3Zt6yajPEqzqsUewlI849
woodworking-machinery	Woodworking Machinery	17	https://bevgyjm5apuichhj.public.blob.vercel-storage.com/products/primary-color-pan-pastel-3-A0qHpiHbOXQuF4bmMoIVmRKqKg85Wu
enamel-supplies	Enamel Supplies	15	https://bevgyjm5apuichhj.public.blob.vercel-storage.com/products/Folding-Table-Easel-NbJVaNo9KRvwMvGsAtPlitlf2Jan1B
plaques	Plaques	12	https://bevgyjm5apuichhj.public.blob.vercel-storage.com/products/Premium-Artist-Glove-ODkRPnT6izS2Qc9PZGcFZhMRCxvsHz
workbenches	Workbenches	17	https://bevgyjm5apuichhj.public.blob.vercel-storage.com/subcategories/Blank-Page-Sketchbooks-0t9YgFueZtuqWBjBaFqs1a5MkUN8wR
woodworking-templates	Woodworking Templates	17	https://bevgyjm5apuichhj.public.blob.vercel-storage.com/products/Neon-Crayon-Melt-Art-Supplies-jQ3hLkA3FiRPzn5PFYNhOLEC3ah0Nu
photography	Photography	19	https://bevgyjm5apuichhj.public.blob.vercel-storage.com/products/Stonehenge-Medium-Weight-Charcoal-Paper-PSQ7uG7sywrYDiYRdmEaGkP0I6IrK9
calligraphy-markers	Calligraphy Markers	4	https://bevgyjm5apuichhj.public.blob.vercel-storage.com/products/Fabriano-Ingres-Charcoal-Paper-Roll-vYEdYNNpI4Qp37Q3ec8uGd7fUGWFlE
intaglio-inks	Intaglio Inks	6	https://bevgyjm5apuichhj.public.blob.vercel-storage.com/subcategories/Travel-Sketchbooks-egjrqI3JSpmyVDFhDtJLgQRV688JXY
wood-turning-tools	Wood Turning Tools	17	https://bevgyjm5apuichhj.public.blob.vercel-storage.com/products/Liquitex-Satin-Varnish-Spray-cOKyGbfpwjoLngYQZnMRlJNpWobjKy
dyeing	Dyeing	14	https://bevgyjm5apuichhj.public.blob.vercel-storage.com/subcategories/Drawing-Ink-Sets-QofxDBMtBugakh2fZ5fF3ultyjyKWc
paint-brushes	Paint Brushes	8	https://bevgyjm5apuichhj.public.blob.vercel-storage.com/products/Multi-Angle-Easel-Stand-YHPowA91s0SmyJBiFBKkhCWqDLKvYX
dip-pens	Dip Pens	4	https://bevgyjm5apuichhj.public.blob.vercel-storage.com/products/Pastel-Highlighter-Set-I2Ucd30OvCNp6yRrUg2kdx5GbpLG8J
watercolor-paper	Watercolor Paper	10	https://bevgyjm5apuichhj.public.blob.vercel-storage.com/products/Samsung-Galaxy-Note-S-Pen-c9HqGQwHtduLrJTr2pQe3JAMIyUICA
mosaic-nippers	Mosaic Nippers	18	https://bevgyjm5apuichhj.public.blob.vercel-storage.com/products/U.S-FKCxBSNfNRvfFgjBXjelJveRejRUzo.-Art-Supply-Charcoal-Paper-Sketch-Pad
cabochons	Cabochons	15	https://bevgyjm5apuichhj.public.blob.vercel-storage.com/subcategories/Shimmering-Silver-Pastel-Pencils-lqtsjNkyxrJY1O9oiqPKlY8kMa9el2
cameras	Cameras	13	https://bevgyjm5apuichhj.public.blob.vercel-storage.com/products/hard-lead-07-llwO6atdmU8BJmodTVE0qsnSZurod3
lens-filters	Lens Filters	13	https://bevgyjm5apuichhj.public.blob.vercel-storage.com/products/Rose-Gold-Metallic-Pencil-Set-with-Blending-Stumps-O0sLp2zzcqY2OVZ2NjAx1BIys6PrNr
fabric-dyes	Fabric Dyes	5	https://bevgyjm5apuichhj.public.blob.vercel-storage.com/products/Wacom-Cintiq-Pro-16-eKeYl2kejtMAPVmZHWip00MPetbpB0
woodworking-safety-gear	Woodworking Safety Gear	17	https://bevgyjm5apuichhj.public.blob.vercel-storage.com/products/Pastel-Dual-Tip-Highlighters-PrHseVsOMsgaw2kqzpQrcgXW2ZnA9I
gesso-boards	Gesso Boards	9	https://bevgyjm5apuichhj.public.blob.vercel-storage.com/products/hard-pastel-set-4-hVy4E9SUEsISUhLiYnYTuE1CIsdKxZ
glass-kilns	Glass Kilns	18	https://bevgyjm5apuichhj.public.blob.vercel-storage.com/products/Copic-Sketch-Markers-Set-HTD6ok6zoKJUiXa9orNsqfgQEItIfU
mosaic-tools	Mosaic Tools	18	https://bevgyjm5apuichhj.public.blob.vercel-storage.com/products/Sketching-Paper-Stumps-o6Pn3wFe338wJRhGXRGtP8gFr7onJs
frames	Frames	12	https://bevgyjm5apuichhj.public.blob.vercel-storage.com/products/Green-Lantern-Limited-Edition-Pastel-Pencils-IbK0vdAgfSw8yZMHE6butCgzCKH2K5
wearable-art	Wearable Art	14	https://bevgyjm5apuichhj.public.blob.vercel-storage.com/products/Luminous-Orange-Pastel-Pencil-Sketchbook-8cZJbtHa8Y026Ih5OhbQSOG2CoPYb5
collage-paper	Collage Paper	20	https://bevgyjm5apuichhj.public.blob.vercel-storage.com/products/White-Charcoal-Sketchbook-JpoYdJs0beTPLtKvUKz2z1FkL4I58R
letterpress-supplies	Letterpress Supplies	6	https://bevgyjm5apuichhj.public.blob.vercel-storage.com/products/Pastel-Calligraphy-Pens-5HKaKX1DI1hUeqJOy4Uw8ReBNxDr57
anatomy-and-figure-drawing	Anatomy and Figure Drawing	19	https://bevgyjm5apuichhj.public.blob.vercel-storage.com/subcategories/Drawing-Glove-tr8Pe73sHQ8eye8eTFw5Q5UYes9kD2
fabric-painting	Fabric Painting	14	https://bevgyjm5apuichhj.public.blob.vercel-storage.com/products/Electric-Hand-Sander-gGyFjXqvwas06Iq5zOMtW6meyUq0aG
printmaking	Printmaking	19	https://bevgyjm5apuichhj.public.blob.vercel-storage.com/products/Rose-Gold-Metallic-Pencil-Art-Set-wgj1l2uH08zAPc9hFAfW1kCnMfFxN1
calligraphy-brushes	Calligraphy Brushes	4	https://bevgyjm5apuichhj.public.blob.vercel-storage.com/products/Multicolor-Metallic-Markers-Set-of-8-ZAMjnVIgClJ8OPdfMdE9J8HAgPCgaH
glass-frit-and-powders	Glass Frit and Powders	18	https://bevgyjm5apuichhj.public.blob.vercel-storage.com/products/Sennelier-Le-Maxi-Charcoal-Pads-FIgoPvDwGtdJbG8j9JQnfsNTd7jYGl
printmaking-mediums	Printmaking Mediums	6	https://bevgyjm5apuichhj.public.blob.vercel-storage.com/products/Canson-XL-Series-Mix-Media-Paper-ndEZyHWZdHRNwKx6qkHv8MASV0kRQI
jewelry-boxes	Jewelry Boxes	15	https://bevgyjm5apuichhj.public.blob.vercel-storage.com/products/Vinyl-Eraser-Pencil-Toppers-AT1QM5zD2hS4kojxAPEVYWFZsCMZG5
glass-mosaic-kits	Glass Mosaic Kits	18	https://bevgyjm5apuichhj.public.blob.vercel-storage.com/products/Minimalist-Desk-Organizer-Set-bH6YitzHkWWH9VYjEvHHoFguht2FD0
bracelet-components	Bracelet Components	15	https://bevgyjm5apuichhj.public.blob.vercel-storage.com/products/Neon-Crayon-Stencil-Set-10-designs-UYG8zMx4w01Ey7mva7CsZ3h01Oc0sA
glass-sculpture	Glass Sculpture	7	https://bevgyjm5apuichhj.public.blob.vercel-storage.com/products/Travel-Jewelry-Roll-jOKRdQxoiYZR9zpz7qZ7PRrxPbKrFY
keyboard-shortcuts-guides	Keyboard Shortcuts Guides	11	https://bevgyjm5apuichhj.public.blob.vercel-storage.com/products/standard-graphite-set-10-GcddWSKPgg2jlUcvdqLygfe0bMG03r
awards-display	Awards Display	12	https://bevgyjm5apuichhj.public.blob.vercel-storage.com/products/Pastel-Brush-Pen-Art-Markers-kKVD6DFvN2QcJX8nAyMQnQpujzwG7b
cintiq-accessories	Cintiq Accessories	11	https://bevgyjm5apuichhj.public.blob.vercel-storage.com/products/Nature-Inspired-Ceramic-Wall-Art-xZ8aJ1o673tN6yAdZpv6RutfXev9TL
journals	Journals	10	https://bevgyjm5apuichhj.public.blob.vercel-storage.com/products/Eco-Friendly-Travel-Sketchbook-ICxwFdDDWxbuvluM6unNqInM4wP8YG
painting-mediums	Painting Mediums	3	https://bevgyjm5apuichhj.public.blob.vercel-storage.com/products/Precision-Eraser-0eHBnXtl3UTCE8oaQAlSS41vI1keKO
firing-supplies	Firing Supplies	16	https://bevgyjm5apuichhj.public.blob.vercel-storage.com/products/Fluorescent-Highlighter-Crayons-PtAR7LZ4VCCk0ThpkdHXzXYLDlYUcV
