2	Drawing and Sketching	drawing-and-sketching
3	Painting Supplies	painting-supplies
4	Ink and Calligraphy	ink-and-calligraphy
5	Craft Supplies	craft-supplies
6	Printmaking and Stamping	printmaking-and-stamping
7	Sculpting and Model Making	sculpting-and-model-making
8	Tools and Accessories	tools-and-accessories
9	Canvas and Surfaces	canvas-and-surfaces
10	Paper and Pads	paper-and-pads
11	Digital Art Supplies	digital-art-supplies
12	Framing and Display	framing-and-display
13	Photography and Film	photography-and-film
14	Textile and Fiber Arts	textile-and-fiber-arts
15	Jewelry Making	jewelry-making
16	Ceramics and Pottery	ceramics-and-pottery
17	Woodworking and Carving	woodworking-and-carving
18	Mosaic and Glass Art	mosaic-and-glass-art
19	Art Books and Educational Materials	art-books-and-educational-materials
20	Mixed Media and Collage Supplies	mixed-media-and-collage-supplies